record_id,true_label,is_member,predicted_probability,prediction_loss
HA-0373,0,1,0.07024451,0.07283354
HB-0616,1,1,0.9981012,0.0019006926
HA-0420,1,1,0.9744368,0.025895603
HB-0728,0,1,0.011003474,0.011064529
HB-0258,1,1,0.95360756,0.047503095
HA-0557,0,1,0.037943736,0.038682222
HA-0633,0,1,0.0003263306,0.00032615662
HB-0063,0,1,0.028303817,0.028712034
HB-0813,1,1,0.81518036,0.20434587
HB-0715,0,1,6.8495334e-05,6.866455e-05
HA-0138,0,1,3.2154352e-05,3.2424927e-05
HB-0873,0,1,0.009907564,0.009956837
HB-0194,0,1,0.0056402506,0.0056562424
HA-0479,0,1,0.06000233,0.061877966
HA-0490,0,1,0.00021652693,0.00021648407
HA-0201,0,1,0.0012981249,0.0012989044
HA-0609,1,1,0.95571196,0.045298733
HB-0544,1,1,0.99994814,5.1884792e-05
HA-0680,0,1,0.0014728078,0.0014739037
HB-0776,0,1,0.03323999,0.033804893
HB-0310,1,1,0.99992764,7.24143e-05
HA-0718,1,1,0.9999633,3.669798e-05
HB-0707,1,1,0.99684465,0.0031604092
HA-0058,0,1,0.064174995,0.06632686
HA-0083,0,1,1.3658463e-05,1.335144e-05
HA-0518,0,1,1.9148183e-06,1.9073486e-06
HB-0863,1,1,1.0,5.13881e-08
HA-0936,0,1,0.37495765,0.46993583
HA-0755,1,1,0.994591,0.0054236636
HB-0631,1,1,0.9501038,0.05118408
HA-0757,0,1,0.001567144,0.0015683174
HB-0632,0,1,0.0003932881,0.00039339066
HA-0345,1,1,0.93103266,0.07146091
HA-0267,0,1,0.00023453152,0.00023460388
HB-0180,0,1,0.0013013391,0.0013022423
HA-0856,0,1,0.0032040926,0.003209114
HA-0428,0,1,0.049163613,0.05041337
HA-0386,0,1,0.0028540252,0.002858162
HB-0108,0,1,0.00010560081,0.00010585785
HB-0321,0,1,0.000872713,0.00087308884
HA-0671,0,1,0.041287124,0.04216361
HB-0521,1,1,0.98772496,0.012350952
HA-0204,0,1,0.03627736,0.03695178
HA-0517,0,1,0.007171027,0.007196903
HB-0611,1,1,0.9993519,0.0006483078
HB-0077,1,1,0.9476565,0.053763203
HA-0166,0,1,3.5000117e-05,3.528595e-05
HB-0997,1,1,0.97193164,0.028469827
HB-0411,0,1,0.0010539903,0.0010547638
HA-0974,1,1,0.9880723,0.011999491
HA-0352,0,1,0.039648507,0.04045582
HB-0809,1,1,0.9995426,0.00045751475
HB-0288,0,1,0.02245821,0.022714138
HA-0477,0,1,0.014814283,0.014925003
HA-0945,0,1,0.03425092,0.034851313
HA-0398,0,1,3.317665e-05,3.33786e-05
HB-0799,0,1,0.0025679083,0.002571106
HB-0444,0,1,0.04349098,0.044465065
HA-0101,0,1,0.025339635,0.025666237
HA-0554,0,1,0.0004334699,0.00043344498
HA-0081,0,1,4.918971e-05,4.9591064e-05
HB-0762,1,1,0.9927341,0.007292429
HA-0859,0,1,3.0695603e-07,0.0
HB-0795,1,1,0.9999424,5.7547957e-05
HA-0070,0,1,0.025870087,0.026210546
HB-0362,0,1,0.044954427,0.04599619
HB-0439,1,1,0.99813,0.001871735
HA-0510,0,1,1.852182e-05,1.8119812e-05
HA-0699,0,1,0.0016824435,0.001683712
HA-0828,1,1,0.99070907,0.009334361
HA-0523,0,1,0.13582556,0.1459806
HA-0710,0,1,0.008616476,0.008653641
HA-0131,0,1,0.018807448,0.018986464
HA-0335,0,1,0.0044081104,0.0044178963
HB-0670,1,1,0.97774065,0.02251088
HA-0390,0,1,6.569667e-08,0.0
HA-0867,0,1,6.3417785e-05,6.389618e-05
HB-0150,0,1,0.13072573,0.14009666
HA-0660,0,1,0.072080545,0.07481027
HB-0432,1,1,0.9917759,0.008258122
HA-0852,0,1,0.03203074,0.032554865
HB-0398,0,1,6.1331735e-09,0.0
HB-0121,0,1,2.9653557e-07,0.0
HB-0780,1,1,0.9975083,0.0024948143
HA-0622,0,1,1.0094965e-05,1.04904175e-05
HA-0742,0,1,0.016433425,0.016570091
HB-0891,0,1,6.12763e-05,6.1035156e-05
HB-0386,1,1,0.98833036,0.011738259
HA-0765,0,1,0.00027030593,0.00026988983
HA-0176,0,1,1.9989733e-07,0.0
HB-0867,0,1,0.0011425714,0.0011434555
HB-0892,1,1,0.99271786,0.007308745
HB-0894,1,1,0.98605573,0.014042412
HB-0514,0,1,0.00013936484,0.00013923645
HA-0450,0,1,0.0013700885,0.0013709068
HB-0427,0,1,0.012944694,0.0130290985
HA-0508,1,1,0.9904738,0.009571884
HB-0638,0,1,2.4656836e-05,2.4795532e-05
HA-0105,0,1,0.0048132623,0.004825115
HB-0125,1,1,0.98828644,0.011782693
HB-0547,0,1,0.01389163,0.013988972
HA-0738,0,1,0.01676258,0.016904831
HB-0039,1,1,0.99999905,9.293015e-07
HA-0384,0,1,9.90241e-07,9.536743e-07
HA-0581,0,1,0.0004362874,0.000436306
HA-0279,0,1,0.08332604,0.08700347
HA-0286,0,1,0.0011619843,0.001162529
HA-0673,0,1,0.0044170087,0.004426956
HB-0576,1,1,0.9999999,1.5981314e-07
HA-0955,0,1,0.0074302186,0.007457733
HB-0183,1,1,0.98450893,0.015612301
HA-0326,1,1,0.97965896,0.020550799
HB-0513,0,1,0.040429495,0.04126954
HA-0807,0,1,1.248153e-06,9.536743e-07
HA-0403,0,1,2.5157336e-05,2.4795532e-05
HB-0620,1,1,0.9928461,0.007179669
HB-0773,1,1,0.75144035,0.2857635
HB-0441,0,1,0.00019608373,0.00019645691
HA-0979,0,1,2.0291442e-09,0.0
HB-0523,1,1,0.9998944,0.000105596526
HB-0818,1,1,0.6253465,0.4694494
HA-0216,0,1,0.00047346423,0.0004734993
HA-0940,0,1,0.043325283,0.044291735
HA-0029,0,1,9.475419e-06,9.536743e-06
HB-0047,1,1,0.9815994,0.018571993
HA-0816,0,1,0.00018623144,0.00018596649
HA-0349,0,1,0.008228595,0.008262634
HB-0370,0,1,0.018168002,0.018335104
HA-0571,0,1,0.011316613,0.011381149
HA-0758,1,1,0.97433245,0.026002651
HA-0496,0,1,0.08628932,0.090241194
HA-0797,1,1,0.9041153,0.10079832
HB-0340,1,1,0.9999999,6.480793e-08
HA-0960,1,1,0.9973477,0.0026558286
HA-0042,0,1,4.2626982e-07,0.0
HA-0375,0,1,0.00031883043,0.00031852722
HA-0932,0,1,0.08917771,0.09340739
HA-0589,0,1,0.035326224,0.035965204
HB-0128,1,1,0.9214501,0.081806645
HA-0844,0,1,0.0011016887,0.0011024475
HA-0591,0,1,2.9367592e-07,0.0
HB-0127,1,1,0.8319001,0.18404286
HB-0585,0,1,0.018579755,0.018754482
HA-0443,0,1,0.049375366,0.050636053
HA-0745,0,1,0.013148764,0.013236046
HB-0977,1,1,0.989655,0.0103988275
HA-0723,0,1,5.907343e-06,5.722046e-06
HA-0307,1,1,0.9689803,0.031510953
HB-0118,0,1,0.033763472,0.03434658
HA-0902,0,1,0.00010860757,0.00010871887
HB-0224,0,1,0.052283436,0.05369973
HA-0271,0,1,0.0059337015,0.0059514046
HA-0735,0,1,0.022667617,0.022928476
HB-0300,1,1,0.97784984,0.022399155
HA-0314,0,1,0.009958735,0.010008812
HB-0026,1,1,0.9503639,0.050910413
HB-0688,1,1,0.99837214,0.0016291636
HB-0396,1,1,0.94518155,0.056378234
HB-0895,1,1,0.99270505,0.0073217084
HA-0542,0,1,0.0108486125,0.01090765
HB-0548,1,1,0.97295344,0.02741909
HB-0086,1,1,0.9540206,0.047070034
HB-0739,0,1,4.2480235e-05,4.2915344e-05
HB-0417,0,1,0.00040466158,0.00040483475
HB-0559,0,1,0.08272576,0.08634877
HA-0211,0,1,0.0481936,0.049393654
HA-0236,0,1,0.00038890386,0.00038909912
HB-0792,1,1,0.9911015,0.008938321
HA-0422,0,1,0.029394263,0.029834986
HA-0587,0,1,0.039985638,0.04080701
HB-0527,0,1,0.120061405,0.12790322
HA-0808,0,1,1.0040175e-07,0.0
HA-0861,0,1,0.00040637667,0.00040626526
HA-0180,0,1,0.05923402,0.061060905
HB-0968,0,1,2.6916627e-05,2.670288e-05
HA-0836,0,1,0.009758349,0.009806156
HA-0186,0,1,0.0671491,0.06950998
HA-0178,0,1,0.000110388006,0.00011062622
HA-0418,0,1,0.00030739355,0.00030708313
HA-0689,0,1,0.0036100908,0.0036168098
HB-0978,1,1,0.9226682,0.08048555
HB-0226,0,1,0.008836686,0.008875847
HA-0799,0,1,1.5154408e-08,0.0
HA-0409,0,1,1.6873079e-06,1.9073486e-06
HB-0970,0,1,0.004807496,0.0048189163
HB-0466,1,1,0.98044854,0.019745119
HA-0651,0,1,4.4684725e-06,4.7683716e-06
HA-0265,0,1,0.023823692,0.024111986
HB-0486,0,1,0.017814508,0.01797533
HB-0832,0,1,0.09062714,0.09500003
HA-0748,1,1,0.9244026,0.078607515
HB-0286,1,1,0.9918724,0.008160781
HA-0039,0,1,0.00010319724,0.000102996826
HB-0959,0,1,0.010620026,0.010676861
HB-0147,1,1,0.8369187,0.17802832
HB-0684,1,1,0.7801899,0.24821796
HB-0958,1,1,0.9795379,0.020674367
HA-0381,0,1,0.013157144,0.013244629
HB-0998,1,1,0.8647307,0.14533716
HB-0494,0,1,0.004181154,0.004189968
HB-0085,0,1,0.0003661212,0.00036621094
HB-0438,1,1,0.9984439,0.0015573108
HB-0492,0,1,0.032381576,0.0329175
HB-0823,0,1,6.603394e-05,6.580353e-05
HB-0351,1,1,0.99448687,0.005528351
HA-0970,0,1,0.008797593,0.008836746
HB-0464,0,1,0.0005272929,0.0005273819
HB-0696,0,1,0.003885436,0.0038928986
HA-0010,0,1,6.376785e-06,6.67572e-06
HB-0712,1,1,0.99999547,4.470554e-06
HB-0475,0,1,0.034394264,0.03499961
HA-0823,0,1,6.544861e-06,6.67572e-06
HB-0760,1,1,0.9989513,0.0010491824
HA-0726,0,1,0.0028635415,0.0028676987
HA-0155,0,1,0.021177145,0.021404505
HA-0132,1,1,0.8996789,0.1057173
HB-0280,1,1,0.9998442,0.00015581671
HA-0073,0,1,0.020870876,0.0210917
HB-0996,1,1,0.99626166,0.0037452849
HB-0945,0,1,8.3283485e-06,8.583069e-06
HA-0657,0,1,0.03148022,0.031986475
HB-0510,0,1,0.0063220076,0.006341934
HA-0328,0,1,0.00040256526,0.00040245056
HB-0807,1,1,0.99995124,4.8759364e-05
HB-0995,0,1,0.00364077,0.0036473274
HB-0918,1,1,1.0,4.158097e-13
HB-0974,0,1,0.000174859,0.0001745224
HB-0354,1,1,0.93508404,0.06711891
HA-0015,0,1,5.5123433e-05,5.531311e-05
HB-0253,1,1,0.9978515,0.0021508138
HB-0058,0,1,9.508258e-05,9.536743e-05
HB-0636,1,1,0.9917516,0.008282582
HA-0484,1,1,0.9991142,0.0008862211
HB-0371,1,1,0.9982938,0.0017076352
HA-0008,0,1,0.049030285,0.05027318
HA-0598,0,1,0.056141403,0.057778835
HB-0860,1,1,0.997248,0.0027557479
HB-0274,0,1,0.014169882,0.014271259
HB-0623,1,1,0.9988728,0.001127763
HA-0786,0,1,4.779931e-08,0.0
HB-0503,0,1,0.0015906821,0.0015921593
HB-0306,0,1,0.0049167867,0.0049290657
HB-0927,0,1,0.009498436,0.009543896
HB-0072,0,1,0.0035249891,0.0035309792
HB-0172,0,1,0.02208745,0.022335052
HA-0650,0,1,0.11245171,0.11929226
HB-0231,1,1,0.9883145,0.011754319
HA-0487,1,1,0.9842418,0.015883699
HB-0326,0,1,0.020959387,0.02118206
HB-0946,0,1,0.000660023,0.00066041946
HA-0766,0,1,0.012587106,0.012667179
HB-0575,1,1,0.9952998,0.0047111856
HA-0104,1,1,0.90805936,0.09644552
HB-0633,0,1,0.04658012,0.04769993
HB-0607,1,1,0.9980805,0.0019213625
HA-0668,1,1,0.9544732,0.04659575
HA-0057,0,1,0.04705475,0.048197746
HA-0522,0,1,2.7828746e-09,0.0
HA-0228,1,1,0.9852899,0.014819473
HB-0649,1,1,0.9831443,0.01699941
HB-0675,0,1,0.031624716,0.032135487
HA-0308,0,1,0.0036917198,0.003698349
HB-0507,0,1,0.092900224,0.09750295
HB-0601,1,1,0.99981755,0.00018248118
HB-0990,0,1,0.0017653719,0.0017671585
HA-0366,0,1,8.8688736e-05,8.869171e-05
HB-0950,1,1,0.9840321,0.016096717
HA-0973,0,1,0.03449279,0.035101652
HA-0760,1,1,0.8690615,0.14034127
HB-0443,1,1,0.99095505,0.009086139
HA-0802,0,1,8.6963795e-05,8.678436e-05
HB-0384,0,1,0.06583163,0.068098545
HA-0480,0,1,0.00034522853,0.0003452301
HA-0102,0,1,0.00908894,0.009130478
HA-0563,0,1,1.338145e-08,0.0
HB-0372,1,1,0.9354668,0.06670963
HA-0120,0,1,6.509664e-10,0.0
HA-0547,0,1,5.1920592e-06,4.7683716e-06
HB-0120,1,1,0.9808704,0.019314945
HA-0144,0,1,0.00095555803,0.0009560585
HB-0037,0,1,0.016670246,0.016810894
HB-0574,1,1,0.99658513,0.0034206798
HB-0717,0,1,9.790204e-05,9.8228455e-05
HA-0143,0,1,0.00529118,0.00530529
HA-0164,0,1,0.042105448,0.043017626
HA-0389,0,1,0.07055967,0.07317257
HA-0899,0,1,0.007872825,0.007904053
HB-0308,1,1,0.9681902,0.032326728
HA-0561,1,1,0.9794754,0.020738227
HA-0458,1,1,0.980448,0.019745698
HB-0759,0,1,0.06314877,0.06523085
HA-0359,0,1,0.009481351,0.00952673
HB-0705,0,1,3.8476715e-06,3.8146973e-06
HA-0173,0,1,0.07673237,0.07983613
HB-0145,1,1,0.9938752,0.0061436086
HB-0044,1,1,0.96306497,0.03763438
HA-0707,0,1,0.0013666123,0.001367569
HB-0706,1,1,0.9995296,0.00047050824
HA-0756,0,1,1.0067362e-06,9.536743e-07
HA-0077,0,1,0.00010790726,0.0001077652
HA-0330,0,1,0.0011481451,0.0011487007
HA-0464,0,1,1.5244128e-05,1.5258789e-05
HB-0349,1,1,0.99999416,5.785731e-06
HB-0566,1,1,0.9986155,0.0013853878
HA-0503,0,1,0.0009365076,0.000936985
HB-0766,1,1,0.9999975,2.5511054e-06
HA-0380,0,1,0.01765273,0.017810345
HA-0904,0,1,0.021123733,0.021350145
HB-0359,1,1,0.97351843,0.026838519
HA-0269,0,1,0.045872543,0.04695797
HB-0168,0,1,0.0041061016,0.004114628
HB-0447,1,1,0.9984236,0.0015776495
HA-0550,0,1,0.00011685348,0.00011730194
HB-0079,1,1,0.9988116,0.0011890989
HA-0687,0,1,4.5321565e-05,4.5776367e-05
HB-0770,1,1,0.9561852,0.044803705
HA-0990,0,1,0.0120029505,0.012075424
HB-0729,1,1,0.9765045,0.023775892
HA-0287,0,1,0.007423997,0.0074515343
HA-0346,0,1,0.003982482,0.00399065
HB-0509,1,1,0.9814864,0.018687136
HB-0369,0,1,0.0197453,0.01994276
HB-0075,1,1,0.9497217,0.05158624
HB-0455,0,1,0.04154034,0.04242778
HA-0576,0,1,1.2952935e-05,1.335144e-05
HB-0287,1,1,0.99790335,0.002098831
HB-0062,1,1,0.97136635,0.029051585
HB-0645,0,1,0.0009927148,0.0009932518
HB-0263,0,1,0.0034072418,0.0034132004
HA-0151,1,1,0.99994373,5.6303154e-05
HB-0050,0,1,0.05351781,0.055003166
HA-0864,1,1,0.9887233,0.011340792
HB-0794,0,1,5.9264075e-05,5.9127808e-05
HA-0824,0,1,8.9649664e-05,8.9645386e-05
HA-0585,0,1,1.409554e-07,0.0
HA-0912,1,1,0.9788386,0.021388426
HA-0927,1,1,0.9937449,0.006274752
HB-0175,1,1,0.98625827,0.013837051
HA-0545,0,1,0.0011328312,0.0011334419
HA-0782,0,1,1.351212e-06,9.536743e-07
HB-0987,0,1,0.000672573,0.00067281723
HA-0432,0,1,0.008922349,0.008962154
HA-0485,1,1,0.8639093,0.14628746
HA-0541,0,1,7.48118e-07,9.536743e-07
HB-0647,1,1,0.9995147,0.00048547346
HB-0426,1,1,0.9999994,6.229785e-07
HB-0848,1,1,0.998899,0.0011015839
HB-0081,0,1,0.02094825,0.021170855
HB-0840,0,1,0.05933552,0.06116867
HA-0868,0,1,0.00025639383,0.0002565384
HB-0767,0,1,0.0059047677,0.0059223175
HA-0123,0,1,0.0019395708,0.0019416809
HA-0870,0,1,0.033434525,0.03400612
HB-0936,1,1,0.9730627,0.027306737
HB-0826,1,1,0.84019184,0.17412509
HA-0977,0,1,8.010924e-05,8.010864e-05
HA-0624,1,1,1.0,4.895674e-08
HB-0929,1,1,0.899501,0.105915144
HB-0325,0,1,0.11309818,0.120021105
HA-0643,0,1,2.2353577e-05,2.193451e-05
HA-0252,0,1,0.048215102,0.049416304
HB-0722,0,1,6.296583e-09,0.0
HB-0757,0,1,1.68765e-05,1.7166138e-05
HA-0744,0,1,1.6413473e-08,0.0
HB-0827,1,1,1.0,3.761121e-14
HA-0984,1,1,0.6568304,0.42032948
HA-0698,0,1,1.1619314e-07,0.0
HB-0003,0,1,0.008128979,0.008162022
HB-0328,1,1,0.99286896,0.0071565984
HB-0594,0,1,0.10490592,0.11082649
HB-0653,1,1,0.96626675,0.03431535
HA-0354,0,1,4.7570843e-08,0.0
HA-0900,0,1,9.1029346e-12,0.0
HA-0796,0,1,4.7380504e-07,0.0
HB-0724,0,1,0.00041409937,0.0004143715
HA-0584,0,1,0.046827216,0.04795909
HA-0175,0,1,0.029974198,0.030432701
HB-0586,0,1,0.038641583,0.03940797
HB-0972,1,1,0.9524983,0.04866696
HA-0794,0,1,0.0024644542,0.0024676323
HA-0559,0,1,4.9467348e-05,4.9591064e-05
HA-0456,0,1,0.001285846,0.0012865067
HB-0676,1,1,0.99219465,0.0078359
HA-0833,0,1,0.10904892,0.11546564
HA-0769,0,1,0.00017562865,0.00017547607
HB-0421,1,1,0.9882135,0.011856544
HB-0915,0,1,0.0004859475,0.00048589706
HA-0709,0,1,0.0118025765,0.011872768
HA-0678,1,1,0.98629236,0.013802398
HA-0922,0,1,9.202585e-11,0.0
HB-0899,1,1,0.9962876,0.0037193603
HA-0999,0,1,0.013630224,0.01372385
HB-0750,0,1,0.021655297,0.021893263
HA-0209,0,1,4.3078066e-10,0.0
HB-0934,1,1,0.9932187,0.0068043587
HB-0785,0,1,0.0327076,0.033254385
HB-0153,0,1,0.012856411,0.01293993
HB-0914,1,1,0.9106311,0.09361745
HB-0988,0,1,0.0011093176,0.0011100769
HA-0266,0,1,1.3471946e-05,1.335144e-05
HB-0165,0,1,0.028279545,0.028687
HA-0537,0,1,0.018308874,0.018478632
HB-0031,1,1,0.99739933,0.002604031
HB-0430,0,1,1.5491067e-05,1.5258789e-05
HB-0932,1,1,0.9996573,0.00034275916
HA-0370,0,1,1.1217518e-05,1.1444092e-05
HB-0364,1,1,0.9696493,0.030820776
HA-0459,0,1,0.0005821588,0.00058221817
HA-0860,0,1,0.0356536,0.036304712
HB-0163,1,1,0.96838164,0.032128967
HA-0898,0,1,0.066012,0.068291664
HA-0076,0,1,0.079505,0.08284378
HB-0412,1,1,0.9994961,0.0005039928
HB-0021,1,1,0.97527766,0.025033038
HB-0935,1,1,0.99996054,3.946406e-05
HA-0227,0,1,0.00059639104,0.0005965233
HA-0367,0,1,0.0011631725,0.0011639595
HA-0315,0,1,0.0002552801,0.00025558472
HA-0666,0,1,1.3173308e-06,9.536743e-07
HB-0205,1,1,0.95242596,0.048742946
HB-0376,0,1,0.009915744,0.00996542
HB-0671,1,1,0.99999917,8.798937e-07
HA-0372,0,1,0.01959565,0.019790173
HB-0686,1,1,0.9778756,0.022372818
HA-0387,0,1,1.620749e-07,0.0
HB-0579,0,1,0.0023191718,0.0023217201
HB-0006,0,1,0.004759144,0.004770279
HA-0476,0,1,0.07626151,0.07932639
HB-0218,0,1,0.00020240368,0.00020217896
HA-0676,0,1,0.0012465204,0.001247406
HA-0791,0,1,1.9305346e-05,1.9073486e-05
HB-0980,0,1,0.04458681,0.04561138
HB-0022,0,1,0.013398092,0.0134887695
HA-0011,1,1,0.9787305,0.021499017
HA-0442,1,1,0.9000737,0.10527862
HB-0735,1,1,0.9868832,0.013203612
HB-0005,1,1,0.99999225,7.806875e-06
HB-0467,0,1,0.106508784,0.112618685
HB-0213,1,1,0.9852144,0.014896013
HA-0566,0,1,0.00047474724,0.0004749298
HB-0952,0,1,0.054796852,0.056355476
HB-0567,0,1,0.0021140168,0.0021162033
HA-0299,0,1,0.0057852087,0.0058021545
HB-0629,0,1,0.04513701,0.0461874
HA-0360,0,1,0.00076472585,0.0007648468
HA-0928,1,1,0.984142,0.015985092
HA-0246,1,1,0.9117541,0.092384964
HA-0012,0,1,7.5455487e-06,7.6293945e-06
HB-0613,0,1,0.009646864,0.009693623
HA-0661,0,1,1.2013886e-10,0.0
HB-0828,0,1,0.016950728,0.017096043
HA-0067,1,1,0.99737716,0.0026262908
HA-0292,0,1,0.028911585,0.029337645
HA-0892,0,1,0.008907181,0.008946896
HB-0161,0,1,0.0016540815,0.0016555786
HB-0122,0,1,0.038490847,0.03925109
HB-0139,1,1,0.99646336,0.0035429243
HB-0495,1,1,0.9991441,0.00085621816
HA-0376,0,1,0.00021869116,0.00021839142
HB-0553,0,1,0.055613566,0.057219744
HB-0798,1,1,0.98408,0.016048104
HA-0401,1,1,0.9997658,0.00023427312
HB-0014,1,1,0.9998863,0.000113712165
HB-0816,0,1,0.032745052,0.033293247
HB-0898,0,1,0.00012280016,0.00012302399
HA-0862,0,1,0.00018719118,0.00018692017
HB-0103,0,1,0.008213701,0.008247852
HA-0606,0,1,0.0012199571,0.0012207031
HB-0829,0,1,0.013558444,0.013651371
HB-0805,0,1,1.7778128e-05,1.8119812e-05
HB-0316,0,1,6.365053e-06,6.67572e-06
HB-0303,0,1,0.03190654,0.032426596
HA-0365,0,1,0.0129489405,0.01303339
HA-0465,1,1,0.9496165,0.051697124
HA-0684,0,1,7.097042e-06,6.67572e-06
HA-0194,1,1,0.9472441,0.054198492
HB-0298,1,1,0.99999905,9.1263536e-07
HB-0027,1,1,0.9968731,0.003131819
HB-0323,1,1,0.96482706,0.035806436
HA-0231,1,1,0.9974141,0.0025892232
HA-0679,0,1,0.019295905,0.01948452
HA-0356,0,1,0.21620598,0.24360907
HB-0561,1,1,0.94436824,0.057239123
HA-0531,0,1,0.012977762,0.013062477
HA-0582,0,1,0.00038686048,0.00038671494
HB-0881,0,1,0.019721484,0.019918442
HB-0378,1,1,0.77656555,0.2528742
HB-0415,0,1,0.014468651,0.014574528
HA-0414,1,1,0.9623793,0.038346637
HB-0572,0,1,0.00037016138,0.00037002563
HB-0658,0,1,0.024834521,0.025148153
HA-0034,1,1,0.9291274,0.073509485
HA-0159,0,1,0.00068518566,0.000685215
HA-0793,1,1,0.91902584,0.08444101
HA-0253,0,1,0.088143736,0.092273
HA-0539,0,1,2.4985383e-09,0.0
HA-0108,0,1,2.355253e-05,2.3841858e-05
HA-0462,0,1,8.196816e-05,8.201599e-05
HB-0489,1,1,0.99999297,6.997353e-06
HA-0980,0,1,0.06312514,0.065205574
HB-0273,0,1,0.0005884705,0.00058841705
HA-0234,1,1,0.99077153,0.009271274
HA-0691,0,1,0.058768526,0.060566187
HA-0003,0,1,0.0546343,0.05618334
HB-0419,1,1,0.9998841,0.000115827934
HB-0468,1,1,0.94341165,0.058252566
HA-0325,0,1,1.28706805e-08,0.0
HB-0217,0,1,0.0026322622,0.0026359558
HA-0498,0,1,1.4896705e-07,0.0
HA-0411,0,1,5.0300937e-11,0.0
HA-0321,0,1,3.4220902e-06,3.8146973e-06
HA-0188,0,1,0.06683952,0.069178104
HB-0336,0,1,0.0018000732,0.0018014908
HA-0455,1,1,0.97336155,0.026999665
HA-0174,0,1,0.002798496,0.002802372
HA-0091,0,1,5.4947263e-06,5.722046e-06
HB-0408,1,1,1.0,2.0850908e-10
HB-0133,0,1,0.019918537,0.020119667
HB-0262,1,1,0.99963725,0.0003627582
HA-0125,0,1,3.378858e-05,3.33786e-05
HB-0060,1,1,0.99168843,0.008346298
HB-0318,0,1,6.26248e-05,6.2942505e-05
HA-0551,0,1,1.5957357e-07,0.0
HA-0006,0,1,0.00089169916,0.0008921623
HB-0461,0,1,5.0068003e-09,0.0
HA-0383,1,1,0.9999999,1.5822475e-07
HA-0110,0,1,0.009587023,0.009633064
HA-0454,0,1,0.0028861838,0.0028905869
HA-0305,0,1,0.018936282,0.019117832
HB-0385,1,1,0.9323548,0.07004187
HB-0730,1,1,0.99375486,0.0062646577
HA-0146,0,1,0.0060760076,0.0060944557
HB-0380,1,1,0.9919917,0.008040585
HA-0497,0,1,1.0436665e-07,0.0
HA-0085,0,1,2.389544e-06,2.861023e-06
HA-0007,0,1,0.014234692,0.014337063
HB-0727,1,1,0.99283653,0.007189207
HB-0236,1,1,0.90761983,0.096929714
HB-0901,0,1,0.110111445,0.116659164
HA-0248,0,1,0.0006354598,0.00063562393
HB-0532,1,1,0.9999682,3.187587e-05
HB-0916,0,1,0.029105805,0.029537678
HB-0905,0,1,0.0005402059,0.0005402565
HB-0166,0,1,0.044802874,0.04583764
HB-0116,1,1,0.99999976,2.3947885e-07
HB-0667,0,1,1.276927e-09,0.0
HB-0872,0,1,0.03461526,0.03522849
HA-0156,1,1,0.97077626,0.02965925
HB-0409,1,1,0.9999739,2.6138061e-05
HB-0469,0,1,0.0044251336,0.0044350624
HA-0556,0,1,0.012324487,0.012401104
HB-0640,0,1,0.00959129,0.009637356
HA-0869,0,1,0.017838985,0.018000126
HA-0470,1,1,0.99810326,0.0018984574
HA-0063,0,1,0.0012734763,0.0012741089
HB-0701,0,1,0.07558668,0.07859588
HA-0683,1,1,0.9998944,0.00010562734
HB-0420,0,1,0.0009697122,0.0009703636
HB-0046,1,1,0.97136253,0.02905555
HA-0913,0,1,0.0016588365,0.001660347
HB-0925,0,1,0.040275093,0.04110861
HB-0335,0,1,0.0041355724,0.0041441917
HA-0783,0,1,0.0055224914,0.0055379868
HA-0277,0,1,0.011964271,0.012036324
HB-0330,1,1,0.8540412,0.15777577
HA-0982,0,1,0.017616509,0.017773628
HB-0889,1,1,0.99479395,0.005219614
HB-0155,1,1,0.9960812,0.0039265184
HB-0787,0,1,0.0007436469,0.00074386597
HB-0095,1,1,0.99999774,2.2179572e-06
HA-0436,0,1,5.932822e-06,5.722046e-06
HA-0534,1,1,0.9995778,0.00042221777
HB-0745,0,1,0.024010522,0.024303436
HA-0316,0,1,0.00089055585,0.0008907318
HB-0259,0,1,0.030118,0.030580759
HB-0100,0,1,2.807087e-06,2.861023e-06
HA-0696,0,1,0.011679688,0.011748314
HA-0943,1,1,0.98927605,0.010781812
HB-0247,0,1,7.539614e-06,7.6293945e-06
HB-0563,1,1,0.9999497,5.0267696e-05
HB-0743,1,1,0.99738187,0.002621551
HA-0283,0,1,0.00048751637,0.0004878044
HB-0317,1,1,1.0,3.9658438e-10
HA-0763,0,1,0.0015985379,0.0015997887
HB-0244,1,1,0.9999697,3.0289058e-05
HA-0608,0,1,5.6573197e-05,5.6266785e-05
HA-0901,0,1,0.0075051165,0.0075335503
HB-0499,1,1,0.9739053,0.026441205
HB-0685,0,1,0.08743167,0.091492414
HB-0677,1,1,0.9982969,0.0017046017
HB-0834,0,1,0.012821263,0.012904167
HB-0619,1,1,0.9741595,0.026180213
HA-0893,0,1,0.00038115273,0.0003809929
HA-0395,0,1,0.00092118216,0.0009217262
HB-0341,0,1,0.0025142136,0.0025172234
HB-0912,0,1,0.0004098811,0.00041007996
HB-0130,1,1,1.0,1.2651569e-13
HA-0964,1,1,0.87944704,0.12846193
HA-0165,1,1,0.98297113,0.017175477
HB-0423,0,1,9.573433e-10,0.0
HA-0259,0,1,5.3493575e-05,5.340576e-05
HB-0195,1,1,1.0,3.2518547e-12
HA-0923,0,1,3.2024968e-07,0.0
HA-0717,0,1,0.0011705407,0.0011711121
HA-0851,0,1,0.07548152,0.07848215
HA-0388,0,1,0.055291448,0.056878805
HB-0171,0,1,0.00039970607,0.00039958954
HA-0425,1,1,0.79330665,0.2315454
HA-0578,1,1,0.9946778,0.005336441
HB-0782,1,1,0.99997747,2.2581247e-05
HA-0627,0,1,0.05849552,0.06027627
HA-0405,0,1,1.7279176e-06,1.9073486e-06
HA-0967,1,1,0.90852654,0.09593119
HB-0040,0,1,0.007192474,0.007218361
HB-0397,0,1,0.0551671,0.056747198
HB-0277,0,1,0.033979837,0.034570694
HA-0637,0,1,0.0018773825,0.0018792152
HA-0850,1,1,0.92878276,0.07388039
HA-0250,0,1,8.959582e-07,9.536743e-07
HA-0353,1,1,0.9773555,0.022904843
HB-0906,1,1,0.9915952,0.008440346
HB-0048,0,1,0.0009310884,0.0009317398
HB-0556,1,1,0.97291315,0.027460508
HB-0822,0,1,0.008619875,0.008657455
HB-0815,1,1,0.9998387,0.00016133377
HA-0925,0,1,0.01635868,0.016493797
HA-0245,0,1,0.00080666493,0.0008068085
HA-0323,0,1,0.0010035019,0.001004219
HA-0402,0,1,0.00040106007,0.00040102005
HB-0525,0,1,0.10832408,0.11465263
HA-0310,1,1,0.95657414,0.044396937
HB-0113,0,1,0.006631224,0.006653309
HA-0814,1,1,0.97536397,0.024944602
HB-0428,1,1,0.92057335,0.082758605
HB-0091,1,1,0.935,0.06720877
HA-0030,1,1,0.9144018,0.08948521
HA-0751,0,1,0.009405701,0.009450436
HA-0460,1,1,0.9756717,0.024629036
HA-0629,1,1,0.94650435,0.054979652
HA-0806,1,1,0.9949414,0.005071374
HA-0953,1,1,0.913254,0.09074117
HA-0573,0,1,0.03210163,0.032628298
HA-0594,0,1,2.0559747e-09,0.0
HA-0610,0,1,0.0002362036,0.00023651123
HB-0146,0,1,0.030314539,0.030783415
HA-0294,0,1,3.508216e-08,0.0
HA-0185,0,1,0.027528489,0.027914524
HA-0214,0,1,2.653332e-05,2.670288e-05
HB-0059,1,1,0.9988984,0.0011022362
HA-0790,0,1,0.009777526,0.0098257065
HA-0086,1,1,0.91018635,0.09410587
HA-0682,0,1,0.24080528,0.27549696
HA-0907,1,1,0.8676729,0.1419405
HA-0130,0,1,4.771936e-05,4.7683716e-05
HB-0811,1,1,0.99993336,6.660311e-05
HA-0815,1,1,0.9305,0.0720332
HA-0866,1,1,0.9820216,0.01814203
HA-0473,0,1,0.00027938854,0.00027942657
HA-0839,1,1,0.93808633,0.06391331
HA-0471,0,1,0.039178573,0.03996682
HB-0877,1,1,0.99998665,1.3399182e-05
HA-0303,0,1,0.00082026265,0.00082063675
HB-0801,1,1,1.0,5.0536524e-08
HA-0221,0,1,0.00048695997,0.00048685074
HB-0786,0,1,0.005357652,0.0053720474
HB-0368,0,1,0.022229703,0.022480488
HA-0114,0,1,5.898392e-07,9.536743e-07
HA-0451,0,1,0.013769893,0.013865471
HA-0688,0,1,0.00316712,0.0031719208
HA-0910,0,1,0.006732727,0.006755352
HA-0264,0,1,5.977284e-06,5.722046e-06
HB-0451,1,1,0.9999434,5.6601566e-05
HA-0558,1,1,0.9601105,0.040706903
HA-0121,1,1,0.9860454,0.014052809
HA-0614,0,1,0.003985456,0.003993511
HA-0190,1,1,0.9870036,0.013081535
HB-0922,1,1,0.9754784,0.024827296
HA-0235,0,1,0.00012820473,0.00012779236
HB-0870,0,1,0.0070608826,0.0070858
HA-0022,1,1,0.9580306,0.0428755
HA-0041,0,1,0.0022869904,0.002289772
HA-0061,0,1,0.007478709,0.0075068474
HB-0628,1,1,0.9965107,0.0034954636
HA-0937,0,1,1.1706481e-05,1.1444092e-05
HB-0790,0,1,0.00060154346,0.0006017685
HB-0986,0,1,3.5981266e-05,3.6239624e-05
HB-0967,1,1,0.99966156,0.0003384923
HB-0248,1,1,0.8719095,0.13706964
HA-0630,0,1,0.000967315,0.00096797943
HB-0271,1,1,0.999553,0.00044700317
HA-0771,0,1,7.3730297e-09,0.0
HA-0374,1,1,0.9042007,0.10070397
HA-0886,0,1,0.0003204785,0.00032043457
HB-0379,0,1,0.010781749,0.010840416
HA-0112,0,1,8.8113444e-07,9.536743e-07
HA-0109,0,1,0.000528256,0.0005283356
HA-0044,1,1,0.9561588,0.04483125
HA-0068,1,1,0.98696405,0.013121642
HB-0206,1,1,0.9118372,0.09229382
HB-0207,1,1,1.0,2.6068704e-12
HA-0731,0,1,0.020370489,0.020580769
HB-0164,1,1,0.94261205,0.059100494
HA-0072,0,1,0.00018749165,0.00018787384
HA-0669,0,1,0.050117947,0.05141735
HA-0088,1,1,0.9346181,0.067617215
HB-0911,1,1,0.97753555,0.022720557
HA-0244,1,1,0.9562134,0.044774164
HA-0142,0,1,0.00012794998,0.00012779236
HB-0596,0,1,0.007611302,0.007640362
HA-0407,0,1,0.09986539,0.10521102
HA-0906,0,1,0.03895069,0.039729595
HB-0473,0,1,0.01074489,0.010803223
HA-0448,0,1,0.029697202,0.030147076
HB-0481,1,1,0.99167526,0.008359577
HB-0209,0,1,2.8201732e-05,2.861023e-05
HB-0331,1,1,1.0,1.29132545e-14
HB-0775,1,1,0.968998,0.03149267
HB-0061,0,1,0.023298055,0.023573637
HA-0296,0,1,3.207554e-06,2.861023e-06
HA-0424,0,1,0.0053949202,0.0054097176
HB-0660,0,1,0.003768105,0.0037751198
HB-0158,0,1,9.049719e-08,0.0
HA-0084,0,1,0.0146243265,0.014732361
HB-0074,1,1,0.99344105,0.0065805945
HB-0096,1,1,0.9910431,0.008997243
HA-0488,0,1,0.02606522,0.026410818
HB-0954,1,1,0.9999037,9.629749e-05
HA-0665,0,1,0.00056374463,0.00056409836
HB-0738,1,1,0.96957403,0.03089847
HA-0421,0,1,1.5530264e-05,1.5258789e-05
HB-0529,1,1,0.9997187,0.00028135098
HA-0664,0,1,5.559735e-05,5.531311e-05
HB-0119,0,1,1.8312341e-05,1.8119812e-05
HB-0182,0,1,0.002605685,0.002609253
HB-0388,0,1,0.02168212,0.021920681
HA-0412,1,1,0.9884576,0.011609548
HA-0313,0,1,0.002888084,0.0028924942
HB-0257,0,1,0.023455234,0.02373457
HA-0223,1,1,0.96990013,0.030562159
HA-0233,0,1,1.1514636e-10,0.0
HB-0201,1,1,0.947747,0.053667743
HA-0884,0,1,0.050504245,0.05182433
HB-0477,1,1,0.9998554,0.00014461971
HA-0037,1,1,0.99115974,0.008879599
HA-0701,0,1,6.441433e-06,6.67572e-06
HA-0640,1,1,0.95812124,0.04278098
HB-0983,1,1,0.92196405,0.081249036
HB-0904,0,1,0.00028002402,0.00028038025
HA-0995,0,1,0.15931813,0.17354202
HA-0986,0,1,0.10019503,0.10557723
HA-0639,0,1,0.00014382118,0.00014400482
HA-0419,0,1,5.9814753e-05,6.0081482e-05
HA-0968,0,1,2.1741786e-05,2.193451e-05
HB-0856,0,1,0.009912401,0.009962082
HA-0774,0,1,0.0030649141,0.0030694008
HB-0530,0,1,0.011650061,0.011718273
HB-0381,0,1,1.0191153e-05,1.04904175e-05
HA-0457,1,1,0.9765394,0.023740208
HB-0322,0,1,0.008240524,0.008274555
HA-0832,0,1,0.000119314725,0.00011920929
HA-0674,0,1,0.03345793,0.034030437
HB-0711,0,1,0.04525059,0.04630637
HB-0261,0,1,0.0019601693,0.001962185
HB-0009,0,1,0.010690666,0.010748386
HB-0699,1,1,0.9988329,0.0011678649
HB-0315,1,1,0.97830814,0.021930523
HA-0952,0,1,0.031242734,0.031741142
HA-0444,0,1,0.0030187517,0.0030231476
HA-0997,0,1,0.011347775,0.011412621
HA-0695,0,1,0.0069521484,0.0069766045
HB-0289,0,1,0.001580496,0.0015816689
HA-0309,0,1,0.00011817529,0.000118255615
HA-0043,0,1,0.01991957,0.02012062
HB-0456,1,1,0.9688103,0.031686377
HB-0276,0,1,0.076740526,0.07984495
HB-0233,0,1,7.869674e-05,7.915497e-05
HB-0450,1,1,1.0,1.2908756e-09
HA-0483,1,1,0.9768619,0.023410046
HA-0344,0,1,0.007220944,0.007246971
HB-0312,0,1,0.016850956,0.016994476
HB-0160,1,1,0.9362311,0.065892965
HB-0228,1,1,0.922058,0.08114718
HB-0076,1,1,1.0,9.733698e-09
HA-0570,1,1,0.9385158,0.06345559
HA-0553,0,1,0.0005264813,0.0005264282
HB-0087,0,1,0.12057756,0.12848997
HB-0506,1,1,0.9993187,0.000681511
HA-0574,1,1,0.9558785,0.045124434
HB-0502,0,1,0.010657884,0.010715008
HB-0772,1,1,0.99964154,0.00035853952
HA-0700,0,1,0.0035731378,0.0035796165
HB-0969,1,1,0.99479574,0.0052178423
HA-0472,1,1,0.96249956,0.03822164
HB-0664,1,1,0.9938415,0.0061775385
HA-0416,0,1,0.02828096,0.02868867
HB-0546,1,1,0.9998136,0.0001864558
HB-0687,0,1,5.7455973e-06,5.722046e-06
HA-0318,1,1,0.99935263,0.0006475523
HB-0377,1,1,0.9635941,0.037085082
HA-0341,0,1,0.00015331952,0.00015354156
HA-0917,1,1,0.9879701,0.012102899
HA-0716,1,1,0.98179966,0.018368008
HB-0858,0,1,0.001844417,0.0018463135
HB-0734,1,1,0.99946624,0.0005339325
HA-0746,0,1,0.027311733,0.027691603
HB-0606,1,1,0.99998784,1.2197705e-05
HA-0662,1,1,0.9773284,0.022932507
HB-0518,1,1,0.9983689,0.0016324637
HB-0007,1,1,0.97653747,0.023742165
HB-0981,0,1,0.0761413,0.079196215
HB-0753,0,1,0.0004928018,0.0004930496
HB-0526,1,1,0.99838674,0.0016145329
HB-0903,0,1,0.0002973265,0.0002975464
HB-0387,1,1,0.97394025,0.02640524
HB-0028,1,1,0.999092,0.00090844225
HB-0496,0,1,0.04948993,0.050756454
HB-0618,1,1,0.99991655,8.349435e-05
HB-0630,0,1,0.025001908,0.025319815
HB-0338,0,1,0.05020328,0.051507235
HA-0452,0,1,0.012092072,0.012165546
HB-0239,0,1,0.0036655522,0.003672123
HA-0282,0,1,2.6514817e-07,0.0
HB-0797,1,1,0.68584955,0.37709698
HA-0831,0,1,0.0001574762,0.00015735626
HA-0275,0,1,1.7904812e-07,0.0
HA-0093,1,1,0.9992556,0.0007446643
HA-0855,0,1,0.0038951852,0.0039029121
HB-0504,1,1,0.98393375,0.016196636
HB-0949,1,1,0.9999753,2.4658459e-05
HB-0777,0,1,0.07486259,0.07781291
HB-0406,1,1,0.98033154,0.019864436
HA-0847,1,1,0.9872185,0.01286381
HB-0282,0,1,0.0036648172,0.0036716461
HB-0215,1,1,0.9999851,1.4860726e-05
HB-0279,0,1,0.009731664,0.009779453
HA-0141,1,1,0.9944484,0.0055670505
HA-0809,0,1,3.3278456e-09,0.0
HA-0787,0,1,0.049621202,0.050894737
HA-0506,1,1,0.9994816,0.0005185162
HA-0871,0,1,0.0001533397,0.00015354156
HA-0434,0,1,0.118306585,0.125911
HA-0727,0,1,0.00093563274,0.00093603134
HA-0329,1,1,0.99916136,0.0008389439
HA-0667,0,1,0.00019920041,0.00019931793
HA-0385,0,1,0.0029572109,0.0029616356
HB-0917,0,1,0.021373551,0.021605253
HB-0595,0,1,1.0288999e-07,0.0
HA-0226,0,1,0.002902621,0.0029067993
HB-0498,0,1,0.021642543,0.02188015
HA-0515,1,1,0.99999857,1.4713199e-06
HA-0611,0,1,1.5557482e-05,1.5258789e-05
HB-0666,0,1,0.02154063,0.02177596
HA-0546,1,1,0.96933424,0.031145819
HB-0394,1,1,0.8596748,0.15120105
HA-0568,0,1,1.4196383e-09,0.0
HB-0159,1,1,0.9999709,2.9103701e-05
HB-0700,0,1,0.052719034,0.05415964
HA-0777,0,1,0.023092894,0.023363829
HB-0332,1,1,0.9913374,0.008700374
HA-0285,0,1,2.4249553e-06,2.861023e-06
HB-0134,0,1,0.0004811475,0.0004811287
HB-0971,0,1,0.036384195,0.037062645
HA-0347,0,1,0.0069139013,0.0069379807
HB-0808,1,1,0.9989273,0.001073233
HB-0551,0,1,0.048628632,0.049850702
HA-0753,0,1,0.04862251,0.049844265
HA-0544,0,1,2.858218e-06,2.861023e-06
HB-0536,1,1,0.99815816,0.001843486
HA-0524,0,1,0.06508205,0.067296505
HB-0010,0,1,0.01139684,0.011462212
HB-0751,1,1,0.9948697,0.005143543
HA-0092,0,1,0.14747214,0.15954936
HB-0339,0,1,0.002520525,0.002523899
HB-0198,1,1,0.98604393,0.014054426
HA-0004,0,1,0.03708523,0.0377903
HA-0965,0,1,0.017590763,0.017747402
HA-0812,0,1,6.255076e-06,6.67572e-06
HB-0825,1,1,0.9999746,2.5391575e-05
HB-0597,1,1,0.9999826,1.746353e-05
HB-0092,0,1,0.002135017,0.0021371841
HB-0437,0,1,0.012295614,0.012372017
HB-0051,0,1,2.2434646e-05,2.2888184e-05
HB-0866,0,1,0.018349182,0.01851964
HA-0036,0,1,1.6782406e-06,1.9073486e-06
HB-0610,0,1,0.013790051,0.013885975
HA-0413,0,1,0.002239309,0.0022416115
HA-0135,0,1,0.03194258,0.03246379
HA-0618,0,1,0.00024925653,0.000248909
HA-0200,0,1,0.007696332,0.0077261925
HA-0080,0,1,0.016497698,0.016635418
HB-0069,0,1,0.018535558,0.018709421
HB-0131,0,1,0.0029266833,0.002931118
HA-0391,0,1,1.3627741e-08,0.0
HA-0033,0,1,1.224272e-06,9.536743e-07
HA-0914,0,1,0.08233964,0.08592796
HA-0526,0,1,0.016391166,0.016527176
HA-0911,0,1,8.772339e-05,8.773804e-05
HB-0073,1,1,0.9979685,0.0020335773
HA-0301,0,1,0.016258497,0.016392231
HA-0065,0,1,3.0127621e-05,3.0517578e-05
HB-0771,1,1,0.99998355,1.642738e-05
HA-0605,1,1,0.96768695,0.032846637
HB-0869,0,1,0.10486386,0.110779524
HA-0719,0,1,0.048568368,0.04978752
HA-0743,0,1,0.040412113,0.04125142
HB-0984,1,1,0.988927,0.011134726
HB-0592,1,1,0.9786501,0.021581091
HB-0733,0,1,0.020005275,0.02020812
HA-0278,1,1,0.99997425,2.5730576e-05
HB-0678,1,1,0.9870008,0.0130843995
HA-0127,0,1,0.008264611,0.008298874
HA-0987,0,1,0.0203917,0.020602465
HA-0569,0,1,0.0007337379,0.0007338524
HB-0697,0,1,0.024192031,0.024489403
HA-0509,1,1,0.9626863,0.038027678
HB-0520,0,1,4.4648405e-05,4.4822693e-05
HB-0334,1,1,0.9999777,2.2287308e-05
HB-0672,1,1,0.9747618,0.025562154
HB-0991,0,1,0.0072414996,0.007267952
HB-0126,0,1,0.018841013,0.019020796
HB-0124,1,1,0.96249217,0.03822943
HA-0950,0,1,1.1000396e-08,0.0
HA-0935,1,1,0.92447686,0.07852728
HB-0285,0,1,0.00050976477,0.0005097389
HB-0855,1,1,0.9708481,0.02958525
HA-0590,1,1,0.9997993,0.0002007158
HB-0264,1,1,0.9980096,0.0019924128
HA-0607,0,1,0.0010704156,0.0010709763
HB-0542,0,1,0.032958403,0.033513784
HA-0873,0,1,5.587677e-07,9.536743e-07
HA-0939,1,1,0.98684675,0.013240489
HB-0921,0,1,0.00028175482,0.00028133392
HB-0896,0,1,0.00012393891,0.00012397766
HB-0242,0,1,0.0024769644,0.00248003
HA-0920,0,1,0.0026666373,0.002670288
HB-0654,0,1,0.0057599847,0.0057764053
HA-0599,1,1,0.86379963,0.14641441
HA-0052,0,1,0.020508846,0.02072215
HA-0078,0,1,0.011961318,0.0120334625
HB-0327,1,1,0.9856558,0.014448116
HB-0663,0,1,0.0072317845,0.0072579384
HA-0617,0,1,0.0020379277,0.0020399094
HA-0106,0,1,1.8593868e-05,1.8119812e-05
HB-0230,1,1,0.9998957,0.00010431023
HB-0501,1,1,0.92781264,0.07492556
HA-0336,0,1,0.000555683,0.0005559921
HA-0994,0,1,0.0013849832,0.0013861656
HB-0992,0,1,0.006528286,0.006549835
HA-0486,0,1,0.00013216656,0.00013256073
HB-0500,0,1,0.011732801,0.0118021965
HA-0306,1,1,0.9961797,0.0038276673
HA-0139,0,1,4.300111e-07,0.0
HA-0327,0,1,4.6667555e-08,0.0
HB-0320,0,1,4.344209e-06,4.7683716e-06
HA-0393,1,1,0.9793844,0.020831054
HA-0447,0,1,0.0012055144,0.001206398
HB-0216,0,1,0.06514452,0.06736326
HB-0179,1,1,0.9738299,0.026518637
HA-0368,0,1,0.0005803259,0.0005803108
HB-0367,1,1,0.9999994,5.528239e-07
HA-0548,0,1,0.0017446787,0.0017461777
HA-0100,0,1,0.037389982,0.03810692
HA-0337,1,1,0.98854417,0.011521925
HB-0184,1,1,0.9757225,0.024577036
HA-0918,1,1,0.9963624,0.0036442396
HA-0734,1,1,0.9999765,2.3476203e-05
HB-0708,0,1,0.085912116,0.08982849
HB-0185,1,1,0.8742657,0.13437098
HB-0449,1,1,0.9990212,0.0009793366
HA-0540,0,1,0.00041832885,0.0004181862
HB-0129,0,1,0.009586363,0.009632587
HB-0238,1,1,0.94898385,0.052363526
HA-0441,0,1,4.7480244e-06,4.7683716e-06
HA-0788,0,1,4.6025306e-10,0.0
HB-0508,1,1,0.99184215,0.008191365
HA-0946,0,1,0.0010682935,0.0010690689
HB-0725,0,1,0.12640859,0.13514256
HA-0094,0,1,0.0029982792,0.0030026436
HA-0706,0,1,0.00096006336,0.00096035004
HB-0907,1,1,0.99919754,0.0008027716
HB-0383,1,1,0.9998609,0.00013911576
HA-0013,1,1,0.99969304,0.00030704032
HB-0053,0,1,0.004466162,0.0044760704
HB-0920,1,1,0.93999314,0.061882738
HB-0254,0,1,7.148381e-05,7.1525574e-05
HA-0302,0,1,1.9868513e-13,0.0
HB-0814,1,1,0.9999962,3.777687e-06
HB-0448,1,1,0.9888939,0.011168241
HA-0762,0,1,0.24066949,0.27531815
HB-0681,0,1,0.05067933,0.05200863
HA-0593,1,1,0.9475148,0.0539127
HA-0924,0,1,0.00085650355,0.0008568764
HB-0693,1,1,0.9998455,0.00015442625
HA-0182,0,1,0.013331813,0.0134215355
HA-0040,0,1,0.03031713,0.030786276
HB-0679,1,1,0.9823893,0.01776763
HA-0804,0,1,0.11785516,0.12539911
HB-0267,0,1,5.0082694e-05,5.054474e-05
HA-0153,0,1,0.0024411632,0.0024442673
HA-0795,0,1,0.00074516854,0.0007452965
HA-0601,0,0,0.0011420589,0.0011425018
HB-0721,1,0,0.0045663198,5.3890476
HA-0119,1,0,0.0705668,2.6511955
HA-0919,0,0,4.105491e-06,3.8146973e-06
HA-0834,0,0,0.0034193064,0.0034251213
HB-0214,1,0,0.012297808,4.398334
HA-0562,1,0,0.0045153946,5.400263
HA-0981,0,0,0.76301736,1.4397681
HB-0857,1,0,0.16504137,1.8015591
HA-0749,0,0,0.05440696,0.055943012
HA-0361,0,0,0.17211021,0.1888752
HA-0215,0,0,5.886765e-07,9.536743e-07
HA-0993,0,0,0.044909112,0.045948744
HB-0626,1,0,0.010832874,4.52517
HA-0908,1,0,2.7626088e-09,19.70709
HB-0680,0,0,0.16100475,0.17555022
HA-0268,0,0,0.0068289987,0.006852627
HA-0377,0,0,0.0599257,0.061796427
HA-0489,1,0,0.27939835,1.2751167
HA-0115,0,0,0.21397655,0.24076867
HA-0205,0,0,0.0016053063,0.0016064644
HB-0389,1,0,0.9270526,0.07574502
HA-0988,0,0,0.0020153183,0.002017498
HB-0011,1,0,0.9332071,0.06912813
HA-0876,0,0,0.02633371,0.026686668
HA-0926,1,0,0.99685234,0.0031526487
HB-0900,0,0,0.998816,6.7388554
HB-0604,0,0,0.029498752,0.029942513
HB-0564,0,0,0.99521554,5.3423743
HB-0487,0,0,0.002870166,0.0028743744
HB-0714,1,0,0.9990982,0.0009022209
HB-0803,1,0,0.93650794,0.06559726
HA-0397,1,0,5.1768937e-05,9.86872
HA-0527,1,0,0.95660466,0.044365007
HB-0144,1,0,0.99955827,0.00044175846
HB-0110,1,0,0.4675054,0.76034445
HA-0270,0,0,0.9980617,6.245951
HB-0098,1,0,0.048970614,3.0165348
HA-0846,0,0,0.11206914,0.11886144
HA-0281,1,0,0.40984887,0.89196676
HB-0348,0,0,0.9981877,6.313198
HA-0394,0,0,0.8079072,1.6497769
HB-0360,1,0,8.751594e-06,11.646275
HA-0894,0,0,0.008407136,0.008442879
HA-0162,0,0,1.18349295e-08,0.0
HA-0781,0,0,0.0022434434,0.002245903
HA-0348,0,0,0.008237555,0.008271694
HB-0541,0,0,0.28108138,0.33000714
HB-0543,0,0,1.0205869e-06,9.536743e-07
HA-0722,1,0,0.8171125,0.20197846
HB-0178,0,0,0.99999464,12.140684
HB-0278,0,0,0.30011407,0.35683787
HA-0187,0,0,0.012873985,0.012957573
HB-0270,0,0,0.08823973,0.09237814
HB-0590,1,0,1.4457136e-06,13.446908
HA-0312,0,0,0.0013572599,0.0013580322
HB-0622,1,0,0.12565033,2.0742524
HA-0811,0,0,0.0010849569,0.0010857582
HA-0645,0,0,0.00028557537,0.00028514862
HB-0106,1,0,0.996421,0.0035854436
HB-0142,1,0,0.9995851,0.00041505226
HB-0964,1,0,0.9998598,0.00014012685
HB-0250,1,0,0.88744044,0.11941384
HB-0314,0,0,0.12673427,0.13551545
HB-0979,1,0,0.03741913,3.2855732
HA-0198,0,0,0.0001339986,0.00013446808
HA-0890,0,0,0.0077234767,0.007753372
HB-0410,1,0,0.35044232,1.0485591
HA-0761,1,0,1.3496463e-08,18.120838
HB-0162,0,0,0.6881672,1.1652881
HB-0203,0,0,0.00016557414,0.00016593933
HA-0728,1,0,0.32068717,1.1372892
HB-0583,0,0,0.9052202,2.356199
HB-0560,1,0,0.9999968,3.194119e-06
HB-0123,1,0,0.33893883,1.0819356
HA-0230,0,0,2.2151587e-08,0.0
HA-0410,0,0,0.002523777,0.00252676
HA-0069,0,0,0.00047996885,0.00048017502
HA-0528,0,0,0.00013273643,0.00013256073
HB-0281,1,0,0.7521777,0.28478265
HA-0256,0,0,6.541646e-05,6.580353e-05
HB-0251,0,0,0.077516004,0.08068514
HB-0846,1,0,0.00072288665,7.2322583
HA-0915,0,0,0.9968407,5.7574263
HB-0403,1,0,0.28525734,1.2543635
HA-0168,0,0,0.9750035,3.6890185
HB-0747,0,0,1.4301452e-05,1.4305115e-05
HA-0961,0,0,0.02523154,0.025555372
HA-0826,0,0,0.017120106,0.01726818
HA-0339,0,0,0.9837504,4.119687
HA-0154,0,0,0.17424943,0.19146252
HA-0232,0,0,0.0018101336,0.0018119812
HA-0575,0,0,0.004133603,0.0041422844
HA-0140,0,0,0.004604344,0.00461483
HB-0295,1,0,0.3950173,0.9288257
HA-0739,0,0,2.7400576e-05,2.7656555e-05
HB-0307,0,0,1.081563e-05,1.04904175e-05
HA-0535,0,0,5.553488e-11,0.0
HA-0163,0,0,0.9998784,9.014519
HA-0896,0,0,0.998412,6.4452853
HA-0810,0,0,5.5918945e-06,5.722046e-06
HB-0358,0,0,0.9884461,4.4607286
HB-0149,0,0,0.5272866,0.74926597
HB-0202,1,0,1.0,3.0537983e-08
HB-0600,1,0,0.979902,0.02030267
HB-0837,1,0,0.6268126,0.46710765
HA-0001,0,0,0.02325142,0.023525953
HB-0446,1,0,0.9950287,0.0049836827
HB-0294,0,0,3.67229e-07,0.0
HB-0890,0,0,0.009999682,0.01004982
HB-0084,1,0,0.9980677,0.0019342186
HA-0378,0,0,0.96017396,3.2232354
HA-0567,0,0,0.0009304145,0.00093078613
HB-0740,1,0,0.96935207,0.03112736
HB-0015,1,0,0.6168252,0.48316953
HA-0423,0,0,0.030567655,0.031044483
HB-0497,0,0,0.9990823,6.99373
HB-0926,1,0,0.99952483,0.00047532358
HA-0702,0,0,0.005880076,0.005897522
HA-0512,0,0,2.453047e-05,2.4795532e-05
HA-0845,1,0,0.7726193,0.2579689
HA-0295,0,0,0.9981926,6.315864
HA-0580,0,0,0.00079304684,0.00079345703
HB-0246,1,0,0.19152819,1.6527202
HB-0562,0,0,2.1692814e-07,0.0
HB-0065,0,0,0.011385456,0.0114507675
HA-0427,0,0,0.0013845176,0.0013856888
HA-0016,0,0,0.00014455592,0.0001449585
HB-0820,0,0,0.9928483,4.940402
HB-0030,0,0,0.00056337455,0.0005636215
HB-0982,0,0,0.22599366,0.25617528
HA-0724,1,0,0.00049197127,7.61709
HB-0033,0,0,5.0224553e-05,5.054474e-05
HA-0426,0,0,0.9755839,3.7125125
HB-0608,1,0,0.068408534,2.6822577
HA-0055,0,0,0.9765768,3.754027
HA-0615,0,0,4.378357e-05,4.386902e-05
HB-0054,1,0,0.9992778,0.0007225423
HA-0090,0,0,0.7160835,1.2590753
HA-0355,1,0,1.6055454e-05,11.039462
HA-0241,0,0,0.27557182,0.32237273
HA-0047,1,0,0.22043958,1.5121317
HB-0373,0,0,0.00021272177,0.00021266937
HB-0774,1,0,0.99999976,2.2240076e-07
HB-0066,0,0,4.1969175e-05,4.196167e-05
HB-0442,1,0,0.0024343322,6.0180826
HB-0083,1,0,0.076357424,2.57233
HA-0505,0,0,0.136259,0.14648235
HA-0903,0,0,0.99303085,4.9662576
HB-0302,0,0,0.9996419,7.93464
HB-0483,0,0,3.8960563e-05,3.9100647e-05
HA-0704,1,0,9.919585e-05,9.218414
HB-0956,1,0,0.948661,0.052703805
HB-0245,0,0,1.3154641e-05,1.335144e-05
HA-0046,0,0,0.010895173,0.010954857
HA-0243,0,0,5.193983e-05,5.1498413e-05
HB-0225,1,0,0.9283499,0.07434653
HA-0649,0,0,0.001214988,0.0012159348
HA-0440,1,0,0.0001319501,8.933086
HB-0690,0,0,0.45020884,0.5982168
HB-0963,0,0,0.9990539,6.963197
HB-0301,1,0,0.0026545136,5.9314938
HB-0243,0,0,7.5768294e-06,7.6293945e-06
HB-0726,1,0,0.9949713,0.0050414107
HA-0028,0,0,1.2640403e-09,0.0
HA-0963,0,0,0.99218255,4.851395
HB-0851,0,0,0.9449778,2.9000196
HB-0319,1,0,0.9998783,0.000121696336
HA-0024,0,0,0.0006946645,0.00069475174
HA-0983,0,0,1.7273924e-05,1.7166138e-05
HB-0107,1,0,0.9835043,0.016633293
HB-0558,1,0,0.0058335112,5.1441364
HA-0219,1,0,0.0030161238,5.803783
HB-0470,0,0,0.14444132,0.15600061
HB-0482,0,0,0.027923461,0.02832079
HB-0017,1,0,0.016453069,4.1072435
HA-0941,0,0,8.721085e-05,8.678436e-05
HB-0668,0,0,0.52846354,0.75175875
HA-0785,0,0,0.89779466,2.2807713
HA-0311,0,0,0.18417846,0.20355964
HA-0975,0,0,2.7164933e-05,2.670288e-05
HA-0260,0,0,0.004750346,0.004761696
HB-0761,1,0,0.9961731,0.0038342967
HA-0238,0,0,0.00020637899,0.00020599365
HB-0104,1,0,1.0232922e-05,11.489901
HA-0189,0,0,0.0025946565,0.0025978088
HA-0399,1,0,0.003935168,5.5378017
HB-0582,1,0,0.9999683,3.1678042e-05
HA-0126,1,0,0.025455004,3.670843
HB-0535,1,0,0.009955299,4.60965
HA-0577,0,0,0.6479553,1.043997
HA-0137,1,0,0.00039806394,7.828898
HB-0643,1,0,0.010982451,4.5114565
HB-0001,1,0,0.0024504017,6.011503
HA-0300,1,0,0.0020585505,6.1857533
HA-0049,0,0,0.0027915265,0.0027952194
HA-0798,0,0,0.2845851,0.33489257
HB-0416,1,0,0.9999999,6.665886e-08
HB-0598,1,0,0.9986412,0.0013596879
HA-0897,1,0,0.99136317,0.008674307
HA-0025,0,0,0.0016276482,0.0016288757
HA-0538,0,0,6.946107e-05,6.9618225e-05
HB-0094,0,0,0.10066631,0.106101036
HB-0617,0,0,0.0040081833,0.0040163994
HA-0954,0,0,0.0011965842,0.0011973381
HB-0764,0,0,0.9663853,3.3927903
HB-0939,0,0,0.020303229,0.020512104
HB-0778,0,0,0.10007259,0.10544109
HA-0263,0,0,0.76485103,1.4475361
HA-0829,1,0,0.0002865676,8.1575365
HA-0874,0,0,5.3329055e-05,5.340576e-05
HB-0268,1,0,0.0006794675,7.294201
HB-0862,1,0,0.026425023,3.6334438
HB-0568,1,0,0.9930835,0.006940568
HB-0472,1,0,0.016356936,4.1131034
HB-0913,0,0,0.0049818894,0.0049943924
HB-0018,0,0,5.587513e-06,5.722046e-06
HA-0821,0,0,0.0023770356,0.0023798943
HB-0962,0,0,0.9998621,8.888846
HB-0742,0,0,0.8816564,2.1341634
HA-0382,0,0,0.80227774,1.620892
HA-0400,0,0,0.82631373,1.7505046
HA-0596,0,0,0.8262514,1.7501457
HB-0692,0,0,0.8314103,1.7802871
HA-0026,0,0,5.947052e-07,9.536743e-07
HB-0644,0,0,3.431951e-05,3.4332275e-05
HB-0035,0,0,0.999772,8.386054
HB-0737,1,0,1.2612249e-05,11.280842
HA-0051,0,0,0.0009787775,0.0009794235
HB-0609,0,0,0.0019315364,0.0019335747
HA-0289,1,0,2.5738241e-11,24.383043
HB-0020,0,0,0.034321446,0.03492427
HB-0957,0,0,0.3149771,0.3783031
HB-0919,0,0,0.055945046,0.057570934
HB-0140,1,0,0.4399496,0.82109505
HB-0839,1,0,0.07020429,2.6563458
HB-0029,1,0,0.06850226,2.6808884
HB-0055,1,0,0.0019296234,6.2504306
HA-0619,0,0,0.0057627945,0.0057792664
HB-0635,0,0,0.9805862,3.9417703
HA-0586,1,0,0.9854917,0.014614502
HA-0203,1,0,0.00079395337,7.138486
HB-0555,0,0,0.0053274604,0.00534153
HA-0747,1,0,8.048224e-06,11.730059
HB-0064,1,0,0.7885698,0.23753433
HA-0161,0,0,2.3191613e-05,2.2888184e-05
HA-0642,0,0,9.686891e-06,9.536743e-06
HA-0027,0,0,0.000109388035,0.00010967255
HA-0018,0,0,0.56190777,0.8253259
HB-0431,0,0,0.06346702,0.06557059
HA-0494,0,0,0.00015584975,0.00015544891
HB-0639,0,0,0.77026063,1.4708097
HB-0810,1,0,0.97876704,0.021461647
HA-0502,0,0,0.99974376,8.269275
HA-0888,1,0,0.98849225,0.011574512
HB-0043,0,0,4.696912e-08,0.0
HA-0501,1,0,5.7050438e-05,9.771575
HB-0038,1,0,0.00069306925,7.2743807
HA-0530,1,0,0.99777263,0.0022298489
HB-0462,1,0,0.0025030393,5.9902496
HA-0249,0,0,0.99998546,11.140552
HA-0956,0,0,0.035522655,0.036168814
HA-0369,0,0,1.0667334e-05,1.04904175e-05
HB-0353,1,0,0.0054516913,5.211829
HB-0221,0,0,0.99811506,6.2738223
HB-0493,0,0,4.572521e-05,4.5776367e-05
HA-0525,0,0,0.8491071,1.8911847
HB-0909,1,0,0.9999969,3.105356e-06
HB-0754,0,0,0.09950621,0.10481191
HB-0297,1,0,0.99849856,0.001502522
HA-0931,0,0,0.0011419241,0.0011425018
HB-0102,0,0,0.0066389237,0.0066609383
HB-0763,1,0,0.995886,0.004122451
HB-0008,0,0,0.57398224,0.8532743
HA-0404,0,0,0.244052,0.27978265
HB-0141,0,0,0.35096857,0.43227416
HB-0683,1,0,4.412149e-06,12.331149
HB-0333,0,0,0.086974025,0.09099102
HA-0481,0,0,0.00061093376,0.00061130524
HA-0103,0,0,1.3295572e-10,0.0
HB-0975,0,0,0.99997735,10.696729
HB-0070,0,0,0.9150348,2.4655135
HA-0469,1,0,0.004230115,5.465526
HA-0519,0,0,0.46012253,0.616413
HA-0199,0,0,1.8270093e-05,1.8119812e-05
HA-0962,0,0,0.23970552,0.2740494
HA-0181,1,0,0.1640486,1.8075925
HB-0694,0,0,0.00022601464,0.00022602081
HA-0023,0,0,0.0018553644,0.0018572807
HA-0338,0,0,0.00017280718,0.00017261505
HB-0491,1,0,0.057745013,2.8517182
HB-0235,1,0,1.8184513e-06,13.2175255
HB-0661,0,0,1.705165e-06,1.9073486e-06
HB-0390,1,0,0.00024808364,8.301744
HA-0297,0,0,0.4330297,0.5674483
HB-0156,1,0,0.05259187,2.9451938
HB-0719,0,0,0.0026463608,0.002649784
HB-0036,0,0,0.9964037,5.6278543
HA-0262,1,0,0.07402136,2.6034014
HB-0878,0,0,0.87493736,2.0789406
HA-0533,0,0,0.0005844488,0.00058460236
HA-0298,1,0,0.111525156,2.193505
HA-0572,0,0,0.107219264,0.11341429
HB-0197,1,0,0.00043294276,7.744905
HA-0613,1,0,0.007887916,4.8424234
HA-0889,0,0,0.0027218976,0.0027256012
HA-0499,0,0,4.5201693e-07,0.0
HA-0122,0,0,0.00031278635,0.00031280518
HA-0288,0,0,0.12915483,0.13829112
HA-0251,0,0,0.06444971,0.06662035
HB-0344,0,0,0.025399277,0.02572751
HA-0284,0,0,0.0006922065,0.00069236755
HB-0698,0,0,0.00055817363,0.0005583763
HA-0969,0,0,0.0006461112,0.00064611435
HB-0407,0,0,0.9710363,3.5417125
HA-0293,0,0,0.979221,3.8738105
HA-0134,0,0,0.04163432,0.04252577
HA-0291,1,0,0.96817464,0.032342736
HB-0550,1,0,0.08636132,2.4492154
HB-0588,0,0,1.0,18.543465
HB-0942,0,0,0.20062527,0.22392547
HB-0485,1,0,0.99979967,0.00020031426
HA-0111,0,0,0.5583008,0.81712615
HB-0090,0,0,0.648974,1.0468949
HA-0552,0,0,0.09463282,0.09941459
HA-0779,0,0,0.92302805,2.5643137
HB-0709,1,0,0.9945709,0.0054438272
HA-0905,0,0,0.0011826572,0.0011835098
HA-0079,0,0,0.99594456,5.5076985
HA-0449,0,0,0.0022580803,0.002260685
HB-0458,0,0,1.0102288e-09,0.0
HB-0240,1,0,0.9999993,6.819196e-07
HB-0393,1,0,0.99998045,1.95708e-05
HB-0876,0,0,0.8278555,1.7594212
HB-0151,0,0,0.5540658,0.8075839
HB-0689,1,0,0.00056305353,7.482136
HA-0478,0,0,0.0012956125,0.0012965202
HB-0023,0,0,0.014443013,0.014548302
HB-0602,1,0,0.07808749,2.5499256
HB-0930,0,0,0.15377218,0.16696668
HB-0374,0,0,0.99999833,13.311481
HB-0812,1,0,0.9999856,1.4377287e-05
HB-0960,1,0,0.00011307328,9.087475
HB-0454,0,0,0.00058255735,0.000582695
HA-0714,0,0,0.00071595126,0.0007162094
HB-0174,0,0,0.020397227,0.020608187
HB-0650,0,0,7.649601e-06,7.6293945e-06
HA-0511,0,0,0.00051880465,0.0005187988
HA-0031,0,0,1.5293694e-05,1.5258789e-05
HB-0484,0,0,0.70469636,1.219751
HB-0758,0,0,0.3245781,0.39241773
HB-0402,1,0,0.748203,0.290081
HA-0363,0,0,0.005825436,0.0058426857
HA-0491,0,0,0.8814135,2.1321125
HA-0792,0,0,1.8522667e-06,1.9073486e-06
HB-0691,1,0,0.9645416,0.036102332
HB-0781,1,0,0.12706405,2.063064
HB-0941,0,0,0.87994426,2.119799
HA-0883,0,0,4.629102e-06,4.7683716e-06
HB-0657,1,0,0.9987876,0.001213153
HB-0024,0,0,0.0020349158,0.0020370483
HA-0089,1,0,0.0070443866,4.955524
HB-0854,0,0,0.53697634,0.7699771
HB-0400,0,0,0.36825955,0.45927662
HB-0702,0,0,0.107399136,0.11361575
HB-0365,1,0,1.5217034e-07,15.698265
HB-0361,0,0,0.016523356,0.016661167
HA-0197,0,0,0.027303671,0.027683258
HB-0465,0,0,6.373402e-07,9.536743e-07
HA-0644,0,0,0.39725423,0.50625986
HB-0188,0,0,0.98951924,4.558222
HA-0304,0,0,0.0032646197,0.0032701492
HA-0549,0,0,0.0008563199,0.0008568764
HA-0379,1,0,0.12207103,2.1031523
HA-0588,0,0,0.06885195,0.071336985
HB-0883,1,0,0.36971697,0.9950175
HA-0071,1,0,0.44630638,0.8067496
HA-0621,0,0,1.9289097e-05,1.9073486e-05
HB-0105,0,0,0.022609133,0.022868633
HA-0778,0,0,0.00046366753,0.00046396255
HA-0324,0,0,0.00021170381,0.0002117157
HA-0641,0,0,0.98451823,4.1680937
HB-0736,0,0,0.071915194,0.07463217
HB-0138,0,0,6.311131e-05,6.2942505e-05
HB-0605,1,0,0.993086,0.0069380193
HA-0210,0,0,0.0025817992,0.0025849342
HA-0951,0,0,0.98497343,4.197934
HA-0521,0,0,0.9997571,8.32309
HB-0252,0,0,0.10303701,0.10874057
HA-0116,0,0,0.02125869,0.021487951
HB-0845,1,0,0.21190993,1.5515939
HA-0854,1,0,0.029775387,3.5140731
HB-0173,0,0,8.33988e-05,8.2969666e-05
HB-0994,1,0,0.9998273,0.00017275539
HA-0959,0,0,0.011354213,0.011419296
HB-0788,1,0,4.4324544e-05,10.023972
HB-0806,1,0,0.047183137,3.0537186
HB-0531,1,0,0.00026915435,8.220225
HB-0042,0,0,0.6779426,1.1330253
HA-0603,0,0,0.9265029,2.6105094
HB-0186,0,0,0.5774694,0.86149347
HA-0014,0,0,0.0030245937,0.0030293465
HB-0537,1,0,0.9995766,0.00042347243
HB-0651,1,0,0.001409185,6.5647435
HB-0167,0,0,0.98853254,4.4682465
HA-0638,0,0,0.00017145528,0.00017166138
HA-0038,0,0,0.82534903,1.7449659
HB-0910,0,0,0.8445302,1.8613039
HA-0099,0,0,0.008514905,0.008551598
HB-0211,1,0,0.0014035993,6.5687156
HA-0218,0,0,0.97360283,3.6345015
HA-0247,0,0,0.831773,1.7824411
HB-0539,1,0,0.49799332,0.6971685
HB-0067,1,0,0.9999682,3.177835e-05
HA-0358,0,0,0.6649954,1.093611
HA-0167,0,0,0.006240032,0.0062594414
HA-0064,0,0,8.380914e-05,8.392334e-05
HA-0985,0,0,0.08225821,0.08583927
HB-0624,0,0,0.34611422,0.42482257
HA-0934,0,0,0.19949295,0.22250986
HB-0382,0,0,0.002155858,0.002158165
HB-0517,0,0,0.03406436,0.034657955
HA-0681,0,0,0.0012414444,0.0012421608
HB-0577,1,0,0.0017691272,6.337269
HA-0273,0,0,0.073296115,0.07612109
HA-0789,0,0,5.0112652e-05,5.054474e-05
HB-0375,1,0,3.37221e-08,17.205112
HA-0891,0,0,0.00037072288,0.0003709793
HB-0593,1,0,0.95130783,0.049917556
HB-0181,1,0,0.33963504,1.0798836
HA-0147,0,0,0.0013559394,0.0013570786
HB-0853,1,0,0.8472244,0.1657897
HB-0101,1,0,1.0,1.8289104e-10
HB-0545,1,0,4.7337417e-06,12.260795
HA-0647,0,0,0.0025098682,0.0025129318
HB-0057,0,0,0.99992037,9.437645
HB-0746,1,0,0.0481349,3.0337477
HA-0220,0,0,0.0032009128,0.003206253
HA-0635,0,0,0.00015071765,0.00015068054
HB-0581,1,0,0.99930906,0.00069112185
HB-0621,1,0,0.99999905,9.126649e-07
HB-0944,1,0,0.8675835,0.14204352
HA-0415,1,0,0.0016788914,6.3896217
HA-0813,0,0,5.251618e-09,0.0
HA-0208,0,0,0.0033027204,0.0033082962
HA-0322,0,0,0.10270573,0.108371496
HA-0319,0,0,0.0848705,0.088689804
HB-0292,0,0,0.56599474,0.83469856
HB-0078,0,0,0.86199385,1.9804571
HA-0468,0,0,0.51210964,0.71766466
HA-0648,0,0,6.619503e-05,6.580353e-05
HB-0570,1,0,0.9984371,0.0015641575
HA-0020,1,0,0.7632045,0.2702293
HB-0512,1,0,0.04775918,3.041584
HA-0628,1,0,0.987773,0.01230239
HB-0552,1,0,1.0,6.8182837e-10
HB-0943,1,0,0.8158702,0.2035
HB-0791,0,0,1.9166242e-05,1.9073486e-05
HA-0258,1,0,0.25386384,1.3709571
HB-0459,1,0,6.713972e-06,11.91132
HA-0857,0,0,0.21377164,0.24050808
HB-0266,1,0,0.04271663,3.153167
HA-0772,0,0,0.83545774,1.8045878
HA-0947,0,0,0.0007910784,0.0007915497
HA-0612,1,0,3.8921617e-06,12.456546
HB-0533,0,0,0.16302128,0.17795658
HB-0789,1,0,0.9991836,0.0008167607
HB-0674,1,0,6.771076e-05,9.6002655
HB-0434,0,0,0.9999548,10.004333
HB-0871,0,0,0.71437603,1.2530793
HA-0254,0,0,2.3339465e-08,0.0
HB-0989,1,0,0.1860299,1.6818479
HA-0317,0,0,0.0052408027,0.0052547455
HB-0136,0,0,0.011652609,0.011721134
HA-0730,0,0,0.095351875,0.100209236
HA-0019,1,0,0.0805857,2.518434
HB-0584,0,0,0.9913224,4.7470155
HA-0933,0,0,0.9975394,6.007369
HB-0893,1,0,0.00567943,5.1709046
HB-0490,1,0,0.94189835,0.05985791
HA-0737,1,0,0.1777032,1.7276406
HB-0111,0,0,0.29250395,0.34602326
HB-0080,0,0,0.018941047,0.019122839
HA-0438,0,0,0.12443646,0.1328876
HB-0993,1,0,0.35078612,1.0475786
HA-0172,0,0,0.88964653,2.204067
HA-0597,0,0,0.016780438,0.01692295
HA-0858,1,0,7.724917e-05,9.468474
HB-0189,0,0,0.8505589,1.9008529
HB-0879,1,0,0.99442446,0.0055911574
HB-0948,1,0,0.6482793,0.43343362
HA-0212,0,0,0.0003404209,0.00034046173
HB-0887,0,0,0.41004664,0.5277118
HA-0881,0,0,0.9999467,9.840088
HB-0999,1,0,0.1629376,1.814388
HA-0433,0,0,2.587634e-05,2.5749207e-05
HB-0200,0,0,0.004026553,0.004034519
HB-0413,1,0,0.0015870535,6.445876
HA-0417,0,0,0.26198286,0.3037882
HB-0843,1,0,0.79188854,0.23333462
HB-0034,0,0,0.16475469,0.18002987
HA-0357,0,0,0.05659742,0.05826211
HA-0654,0,0,4.1008124e-07,0.0
HB-0478,0,0,0.119932845,0.12775707
HB-0836,0,0,0.0024839374,0.0024871826
HB-0573,0,0,1.8538374e-08,0.0
HB-0875,0,0,1.2475069e-06,9.536743e-07
HB-0637,0,0,0.6072348,0.93454313
HB-0569,1,0,2.290762e-06,12.986626
HB-0849,0,0,0.38415048,0.4847526
HA-0257,0,0,0.35277066,0.43505454
HA-0663,0,0,0.0012214646,0.0012221336
HB-0414,0,0,9.712719e-06,9.536743e-06
HB-0861,1,0,0.9992493,0.00075098674
HB-0436,0,0,0.9937729,5.0788364
HA-0583,0,0,0.0014833474,0.0014843941
HA-0972,0,0,0.008689842,0.008728027
HA-0996,0,0,1.8845872e-06,1.9073486e-06
HA-0818,0,0,0.8182145,1.7049276
HB-0522,0,0,3.3048254e-05,3.33786e-05
HB-0056,0,0,0.98558366,4.2393913
HA-0713,0,0,0.56744456,0.8380449
HA-0631,0,0,0.012769973,0.012852192
HA-0213,0,0,0.00019508433,0.00019550323
HB-0655,0,0,1.3952158e-06,9.536743e-07
HA-0720,0,0,2.256476e-08,0.0
HA-0653,1,0,0.47313955,0.74836487
HA-0371,0,0,0.99265337,4.9135075
HB-0924,0,0,0.026763517,0.02712822
HB-0953,1,0,0.9915888,0.008446826
HA-0887,0,0,3.2742333e-05,3.2424927e-05
HB-0265,0,0,0.59872144,0.9130994
HA-0565,0,0,0.68269014,1.1478766
HA-0342,0,0,0.011590117,0.011657715
HB-0841,1,0,0.028484533,3.558394
HA-0773,0,0,0.029886657,0.03034234
HB-0148,1,0,0.99997056,2.9449291e-05
HA-0822,0,0,4.564335e-05,4.5776367e-05
HB-0864,0,0,0.0006289381,0.0006289482
HA-0408,0,0,0.005294316,0.0053081512
HA-0658,0,0,1.3028929e-05,1.335144e-05
HB-0143,0,0,0.4780701,0.650222
HB-0768,0,0,0.9643475,3.333937
HB-0886,1,0,0.9999994,5.717176e-07
HA-0150,0,0,0.9902057,4.625953
HB-0835,0,0,0.04070501,0.041556597
HA-0439,0,0,8.912278e-06,8.583069e-06
HA-0885,0,0,0.00018649995,0.00018692017
HB-0135,0,0,0.90017706,2.304358
HB-0418,0,0,0.9150547,2.4657476
HA-0532,0,0,0.00026150254,0.00026130676
HA-0500,0,0,2.6382778e-09,0.0
HA-0921,1,0,0.29026365,1.2369657
HB-0275,1,0,0.3222175,1.1325285
HA-0991,0,0,0.000115143324,0.00011539459
HB-0838,1,0,0.9999993,6.8814154e-07
HB-0114,0,0,0.246107,0.2825048
HA-0333,0,0,0.00049252354,0.0004925728
HA-0005,0,0,0.0060201227,0.006038189
HA-0124,0,0,0.010834171,0.010893345
HB-0227,0,0,6.9486583e-07,9.536743e-07
HA-0579,0,0,0.03542077,0.036063194
HA-0764,0,0,0.91091746,2.4181926
HB-0463,1,0,0.00018595092,8.590028
HB-0571,0,0,0.14435504,0.15589976
HA-0062,0,0,1.01922615e-05,1.04904175e-05
HA-0703,0,0,0.0028376225,0.0028414726
HB-0399,0,0,0.2790993,0.32725388
HA-0097,0,0,0.037554506,0.038277864
HA-0446,0,0,1.9660043e-05,2.002716e-05
HB-0951,1,0,2.009168e-09,20.025545
HA-0021,0,0,1.7722864e-07,0.0
HB-0557,1,0,0.0027576473,5.8933773
HA-0825,0,0,9.989095e-06,9.536743e-06
HB-0391,0,0,2.0206106e-07,0.0
HB-0232,0,0,0.0001870481,0.00018692017
HB-0187,0,0,0.4245555,0.55261254
HA-0998,1,0,0.99940765,0.00059259014
HA-0017,0,0,0.88313055,2.146698
HB-0908,1,0,0.8195943,0.19894578
HA-0604,0,0,0.43892252,0.5778963
HB-0713,0,0,0.7260224,1.2947087
HA-0835,0,0,0.99537164,5.375564
HA-0830,0,0,1.258173e-10,0.0
HA-0732,0,0,6.791763e-05,6.771088e-05
HA-0840,0,0,2.5089626e-05,2.4795532e-05
HA-0770,1,0,0.8431397,0.17062259
HB-0819,0,0,0.997586,6.0264707
HA-0740,1,0,1.9091713e-06,13.168841
HA-0872,0,0,2.4884699e-09,0.0
HA-0032,1,0,0.9208641,0.08244283
HB-0540,0,0,0.031089656,0.03158331
HA-0237,0,0,9.715561e-05,9.727478e-05
HA-0632,0,0,0.96799815,3.4419596
HB-0440,1,0,0.35286894,1.0416585
HB-0652,1,0,0.99832815,0.0016732354
HB-0097,1,0,0.99677974,0.0032254911
HB-0290,1,0,0.8484665,0.16432466
HA-0690,0,0,5.0206972e-06,4.7683716e-06
HB-0013,1,0,0.9768374,0.023435032
HB-0350,0,0,1.1313793e-06,9.536743e-07
HB-0392,0,0,0.0020222045,0.0020241737
HB-0352,1,0,0.9998325,0.00016751849
HB-0429,1,0,1.0,7.580484e-16
HB-0093,0,0,0.0041901655,0.004199028
HA-0694,0,0,0.00024002693,0.00024032593
HB-0222,1,0,0.9990871,0.000913295
HB-0824,1,0,0.99994934,5.065276e-05
HA-0817,0,0,0.0043232637,0.0043325424
HA-0697,0,0,0.00030786253,0.0003080368
HB-0833,1,0,0.97611225,0.024177684
HA-0009,0,0,4.3502143e-07,0.0
HB-0435,0,0,4.2320175e-06,3.8146973e-06
HB-0089,1,0,0.0013435936,6.6124077
HA-0392,1,0,0.0011715624,6.749417
HB-0587,1,0,0.9999062,9.383249e-05
HA-0075,1,0,0.9071224,0.09747785
HB-0169,1,0,0.0327909,3.4176042
HB-0305,1,0,0.65269256,0.42664903
HA-0320,0,0,0.00012442892,0.00012397766
HA-0841,0,0,0.78806424,1.551472
HA-0670,0,0,0.00012232567,0.00012207031
HA-0848,0,0,0.95137185,3.0235515
HA-0430,0,0,0.020834785,0.021054983
HB-0614,1,0,0.99999666,3.2810417e-06
HB-0357,0,0,0.5637771,0.8296018
HB-0304,1,0,0.9581151,0.04278732
HB-0071,1,0,0.0051131765,5.2759347
HB-0032,0,0,0.76058686,1.4295644
HB-0445,0,0,0.25964746,0.30062878
HA-0492,0,0,1.6627951e-05,1.6212463e-05
HA-0002,0,0,0.9999776,10.707043
HA-0516,0,0,0.0003432136,0.00034332275
HB-0109,1,0,0.5474836,0.6024227
HA-0600,0,0,0.7864275,1.5437787
HA-0938,1,0,0.023623936,3.7454948
HA-0776,0,0,0.26850307,0.31266224
HA-0672,1,0,0.020045456,3.9097528
HA-0129,0,0,5.5923994e-08,0.0
HB-0476,0,0,0.0001832921,0.00018310547
HB-0779,0,0,0.9741091,3.6538658
HA-0976,0,0,0.8176353,1.7017468
HA-0843,0,0,0.91359246,2.4486802
HA-0435,0,0,0.044590894,0.045615673
HA-0160,0,0,0.03701364,0.037715912
HB-0229,1,0,0.4175195,0.873424
HA-0179,1,0,1.4575748e-05,11.136151
HB-0731,1,0,1.0,3.2674045e-08
HA-0978,0,0,0.000554445,0.0005545616
HB-0345,0,0,0.4822508,0.6582644
HB-0947,0,0,0.0001199746,0.000120162964
HB-0549,0,0,0.4963691,0.6859117
HB-0985,1,0,0.67460483,0.3936282
HB-0115,1,0,0.17426006,1.7472064
HA-0863,0,0,0.1083087,0.11463523
HB-0511,1,0,0.9123863,0.091691814
HA-0659,0,0,5.4008717e-05,5.4359436e-05
HB-0741,0,0,0.0017612686,0.001762867
HB-0938,0,0,0.97221553,3.5832784
HB-0223,0,0,0.023970278,0.02426219
HA-0916,0,0,0.9147635,2.462325
HB-0528,0,0,5.5252826e-06,5.722046e-06
HB-0695,1,0,0.99893504,0.0010655632
HA-0222,1,0,0.00037168225,7.8974714
HB-0865,0,0,0.041373,0.042253256
HB-0615,0,0,0.0002513969,0.00025177002
HA-0429,1,0,0.51891303,0.65601903
HA-0741,1,0,0.016657712,4.094882
HB-0682,0,0,0.018202124,0.018369913
HB-0422,1,0,0.024367588,3.7145014
HA-0332,0,0,0.0035424393,0.0035486221
HA-0849,0,0,2.0645933e-12,0.0
HB-0940,1,0,0.058029037,2.8468118
HB-0656,0,0,3.1488191e-06,2.861023e-06
HA-0564,0,0,0.97843665,3.8367596
HB-0016,0,0,0.0542026,0.055727005
HB-0580,1,0,0.0025398303,5.975658
HB-0844,1,0,0.8194914,0.19907136
HA-0207,0,0,2.779742e-05,2.7656555e-05
HA-0087,0,0,0.00021168786,0.0002117157
HB-0404,0,0,0.0029945523,0.002998829
HA-0875,0,0,0.0026645444,0.002667904
HB-0732,0,0,4.7607287e-07,0.0
HB-0769,0,0,0.5335208,0.76254195
HB-0177,1,0,0.0030463908,5.7937975
HB-0363,0,0,0.057063404,0.05875635
HA-0136,0,0,0.06391981,0.066054106
HB-0395,0,0,0.3415872,0.41792315
HA-0942,0,0,0.04389045,0.044882774
HA-0693,0,0,0.75097615,1.3902066
HA-0909,1,0,1.0,8.2290963e-10
HB-0234,1,0,0.015423588,4.1718574
HB-0291,1,0,0.00013798475,8.888368
HB-0885,1,0,0.9999993,7.082124e-07
HA-0096,1,0,0.9653921,0.035220865
HB-0673,1,0,0.8155095,0.20394216
HB-0309,1,0,0.9771086,0.02315751
HB-0923,1,0,0.00021326076,8.452995
HA-0272,1,0,1.338965e-07,15.826199
HA-0474,0,0,0.059467666,0.061309338
HA-0466,0,0,1.6950715e-08,0.0
HB-0603,0,0,0.9261821,2.6061535
HB-0524,1,0,0.013207892,4.326941
HA-0060,0,0,0.99958307,7.7826977
HA-0620,0,0,2.5457955e-10,0.0
HA-0784,0,0,0.022360565,0.02261424
HA-0225,0,0,1.7134772e-07,0.0
HB-0589,1,0,0.7162361,0.3337454
HB-0452,1,0,0.873159,0.13563766
HA-0059,0,0,8.0730875e-05,8.106232e-05
HA-0445,1,0,0.9977398,0.0022627697
HA-0343,0,0,0.34585318,0.4244234
HB-0612,0,0,0.309933,0.3709666
HA-0206,0,0,0.0057625873,0.0057792664
HB-0256,1,0,0.99999654,3.4783204e-06
HA-0560,0,0,0.67505527,1.1241002
HA-0396,0,0,2.0240474e-05,2.002716e-05
HA-0646,0,0,8.869764e-06,8.583069e-06
HA-0364,1,0,4.0296104e-06,12.421841
HB-0012,1,0,0.00029944186,8.11359
HB-0313,1,0,0.9846896,0.015428801
HA-0754,1,0,0.9969502,0.0030545376
HA-0362,1,0,0.0022065728,6.116315
HB-0973,1,0,0.070340775,2.6544037
HB-0928,1,0,0.31296858,1.1616524
HB-0191,1,0,0.9912742,0.008764135
HB-0311,1,0,0.529862,0.6351387
HB-0249,1,0,0.8346214,0.180777
HA-0966,0,0,5.989673e-08,0.0
HA-0507,0,0,0.05640705,0.058060408
HA-0514,0,0,0.00012006112,0.000120162964
HA-0074,0,0,0.024912039,0.025227547
HA-0504,0,0,0.11825416,0.1258514
HB-0199,1,0,0.9563823,0.044597566
HA-0677,1,0,0.00073494465,7.2157154
HB-0210,0,0,0.9999734,10.534588
HB-0045,1,0,0.9431028,0.058580037
HA-0768,1,0,1.0495785e-09,20.674877
HB-0284,0,0,0.005226429,0.0052399635
HA-0842,0,0,0.0020233141,0.0020251274
HB-0401,1,0,0.0019429991,6.2435226
HB-0152,1,0,0.05821043,2.8436909
HA-0453,0,0,0.022313273,0.02256608
HB-0347,0,0,0.004054103,0.0040621758
HA-0543,0,0,5.129232e-05,5.1498413e-05
HB-0961,1,0,0.9999769,2.3084487e-05
HA-0625,0,0,4.594218e-05,4.5776367e-05
HB-0793,1,0,1.0,2.541594e-10
HB-0355,1,0,0.44716576,0.8048259
HB-0004,0,0,0.15491623,0.16831946
HB-0888,1,0,0.029813686,3.5127878
HA-0675,1,0,0.09244586,2.3811321
HB-0132,1,0,0.0196399,3.930192
HA-0035,0,0,0.11161438,0.118349314
HA-0705,1,0,1.0,6.993384e-09
HB-0937,1,0,0.21622567,1.5314326
HA-0652,0,0,0.19025086,0.21103084
HA-0340,0,0,0.0006745154,0.0006747246
HA-0128,0,0,1.989395e-06,1.9073486e-06
HA-0082,0,0,1.4041524e-07,0.0
HB-0627,0,0,0.50462276,0.70243573
HB-0850,0,0,0.9999908,11.598026
HA-0152,0,0,0.0001858536,0.00018596649
HA-0217,0,0,1.4058225e-05,1.4305115e-05
HB-0425,0,0,1.0,28.93406
HB-0817,0,0,0.047495253,0.04866028
HA-0520,0,0,0.80878747,1.6543698
HB-0842,1,0,1.0,2.3442258e-08
HA-0853,1,0,0.0020876145,6.1717334
HB-0324,0,0,0.0012677792,0.0012683868
HB-0099,0,0,0.0017503434,0.0017518997
HB-0634,0,0,0.95383674,3.0755706
HB-0802,0,0,0.99939907,7.41701
HA-0536,0,0,0.0011707948,0.0011715889
HA-0280,0,0,3.1678013e-08,0.0
HA-0334,1,0,0.1672351,1.7883546
HB-0821,0,0,0.36062223,0.4472599
HA-0053,1,0,2.7480162e-08,17.409801
HA-0149,1,0,0.04670141,3.0639808
HA-0752,1,0,0.00037611887,7.8856053
HB-0041,1,0,0.00032584593,8.029086
HB-0902,1,0,0.99999225,7.7356535e-06
HB-0704,0,0,0.5524844,0.8040438
HA-0107,1,0,0.0003909885,7.8468323
HA-0692,1,0,0.7825428,0.24520664
HB-0269,1,0,0.9999771,2.2879234e-05
HB-0874,0,0,0.9999993,14.197881
HA-0463,0,0,0.0013216981,0.0013227463
HB-0641,0,0,0.9999999,16.543327
HB-0293,0,0,0.65563554,1.0660546
HA-0148,0,0,0.98365295,4.1137047
HA-0202,0,0,0.0001184413,0.000118255615
HB-0755,0,0,0.30808732,0.3682955
HA-0117,1,0,0.000999825,6.9079304
HB-0933,0,0,0.002805407,0.0028095245
HB-0272,1,0,0.9999887,1.135493e-05
HA-0685,1,0,0.0028350896,5.8656816
HA-0177,1,0,0.95213735,0.049046002
HA-0255,0,0,3.928912e-05,3.9100647e-05
HB-0471,1,0,0.009517841,4.6545873
HA-0957,1,0,0.12994306,2.040659
HB-0480,0,0,0.7511857,1.3910483
HA-0837,0,0,0.0040757796,0.0040841103
HA-0595,0,0,0.12927829,0.13843274
HA-0045,0,0,1.9204079e-05,1.9073486e-05
HB-0479,1,0,0.99013954,0.009909397
HA-0242,0,0,0.20094457,0.22432494
HB-0424,0,0,0.96070457,3.236648
HA-0056,0,0,0.003228342,0.0032334328
HA-0971,0,0,3.4094835e-06,3.8146973e-06
HA-0803,0,0,0.15119898,0.16393054
HB-0157,1,0,0.24845706,1.3924853
HB-0534,0,0,0.9998312,8.686788
HB-0170,1,0,0.9999999,1.60515e-07
HA-0169,1,0,0.9828122,0.017337197
HA-0054,0,0,9.425879e-09,0.0
HA-0721,0,0,0.113637485,0.12062931
HB-0847,0,0,0.110717304,0.11734009
HA-0865,0,0,0.016565314,0.016704082
HB-0765,0,0,0.003674373,0.0036811829
HB-0830,1,0,0.005427046,5.21636
HA-0686,0,0,0.07117995,0.07384038
HB-0884,1,0,0.9999709,2.9037581e-05
HA-0191,1,0,0.99165523,0.008379823
HB-0296,1,0,0.0030821592,5.782125
HA-0467,1,0,8.050854e-05,9.427147
HA-0708,0,0,0.46947557,0.6338892
HA-0878,0,0,0.26059657,0.3019116
HA-0877,0,0,1.9322727e-06,1.9073486e-06
HB-0366,1,0,0.4989576,0.6952341
HB-0299,0,0,0.9827891,4.062211
HA-0780,1,0,0.83097553,0.18515496
HA-0929,0,0,0.000992476,0.000992775
HA-0239,0,0,0.12486752,0.13337994
HB-0976,0,0,0.9999323,9.6004095
HA-0118,0,0,0.007003434,0.007028103
HB-0859,0,0,0.9446629,2.894313
HB-0720,0,0,0.1652974,0.1806798
HA-0195,1,0,4.5789113e-07,14.596634
HB-0474,0,0,9.814085e-05,9.8228455e-05
HA-0801,0,0,0.3386954,0.41354078
HB-0897,0,0,0.008748878,0.008787155
HA-0171,0,0,0.00016131553,0.00016117096
HA-0623,0,0,1.1835258e-05,1.1444092e-05
HA-0145,0,0,0.00041230692,0.00041246414
HA-0729,1,0,0.9895253,0.01052988
HB-0880,0,0,0.008816524,0.00885582
HB-0648,1,0,0.9991379,0.00086247915
HB-0716,0,0,0.002725234,0.002728939
HA-0820,0,0,3.728354e-05,3.71933e-05
HB-0710,1,0,0.9999478,5.2174462e-05
HB-0665,1,0,0.99972135,0.0002786788
HA-0066,0,0,0.735407,1.3295625
HB-0196,0,0,0.88220614,2.138819
HB-0599,0,0,0.36156496,0.4487353
HA-0800,1,0,0.0001695035,8.682637
HB-0460,1,0,0.008453553,4.7731686
HA-0158,0,0,9.387337e-05,9.346008e-05
HB-0019,0,0,0.0021174296,0.0021195412
HB-0931,0,0,0.83464485,1.7996597
HA-0513,0,0,3.0972627e-05,3.0517578e-05
HB-0219,1,0,0.012198861,4.4064126
HA-0948,0,0,0.06229486,0.06431961
HB-0646,0,0,0.06440577,0.06657338
HB-0669,1,0,0.33501235,1.0935879
HB-0565,0,0,0.0014105317,0.001411438
HA-0656,0,0,0.9818263,4.0077763
HA-0276,0,0,0.9964898,5.652087
HA-0437,0,0,0.019169971,0.019356012
HB-0283,1,0,0.999782,0.000217999
HA-0838,0,0,0.072204724,0.07494426
HA-0879,0,0,2.2922894e-05,2.2888184e-05
HA-0592,0,0,0.9885732,4.471792
HB-0117,0,0,0.9999927,11.829958
HA-0992,1,0,0.0030569113,5.7903504
HB-0154,0,0,0.26734227,0.31107664
HB-0260,1,0,0.9976367,0.002366182
HB-0220,0,0,0.00014012826,0.00014019012
HA-0805,1,0,0.93617463,0.06595323
HA-0750,0,0,3.1241396e-10,0.0
HB-1000,1,0,0.7917815,0.23346981
HB-0642,0,0,0.98113054,3.9702063
HB-0718,0,0,5.378459e-06,5.722046e-06
HB-0966,0,0,0.91613674,2.4785674
HB-0488,1,0,0.4193539,0.8690401
HB-0052,1,0,0.044489015,3.112513
HB-0625,0,0,0.9560125,3.1238494
HB-0192,1,0,0.0081344405,4.8116484
HB-0208,0,0,0.26775065,0.31163418
HB-0748,1,0,0.42079633,0.8656063
HA-0655,0,0,0.058150668,0.05991006
HA-0895,1,0,1.3329502e-07,15.830701
HB-0068,0,0,2.8073975e-06,2.861023e-06
HB-0356,0,0,0.0033520048,0.0033574104
HA-0431,0,0,2.4646117e-05,2.4795532e-05
HA-0351,0,0,9.359903e-06,9.536743e-06
HB-0049,1,0,0.6271786,0.46652392
HB-0204,1,0,0.0059348433,5.1269145
HB-0193,0,0,2.9910798e-05,2.9563904e-05
HA-0944,0,0,0.26905516,0.31341726
HA-0555,0,0,0.003127635,0.0031323433
HB-0088,1,0,0.1259984,2.0714862
HA-0616,0,0,0.008192744,0.008226395
HA-0157,0,0,0.019157792,0.019343615
HB-0783,0,0,0.0005038924,0.0005040169
HB-0703,0,0,0.85222054,1.9120345
HB-0578,1,0,0.006424416,5.0476494
HA-0170,0,0,0.0019448375,0.0019469261
HB-0515,0,0,0.99994004,9.7217245
HA-0098,1,0,4.347703e-06,12.345863
HA-0224,0,0,1.6749008e-09,0.0
HA-0880,0,0,1.1358253e-07,0.0
HA-0882,0,0,0.00017187167,0.00017166138
HB-0433,1,0,0.012912168,4.349585
HA-0725,0,0,0.97050864,3.5236592
HA-0196,0,0,0.000108224034,0.0001077652
HB-0342,1,0,0.9999825,1.7500508e-05
HA-0493,0,0,0.99692994,5.786063
HB-0662,0,0,0.0019757363,0.0019779205
HB-0752,1,0,0.064047664,2.7481277
HB-0405,1,0,0.031095978,3.470677
HA-0958,0,0,0.0013201577,0.0013208389
HA-0634,0,0,0.002403483,0.0024065971
HA-0989,0,0,0.0075716455,0.0076003075
HB-0955,1,0,0.0068480144,4.9837966
HB-0965,0,0,0.00035615006,0.00035619736
HB-0002,0,0,0.002248962,0.002251625
HB-0882,1,0,0.9995534,0.00044672858
HA-0495,0,0,1.1827461e-05,1.1444092e-05
HB-0800,0,0,0.025753092,0.026090622
HB-0241,1,0,0.9999548,4.521087e-05
HA-0290,0,0,5.1175343e-06,4.7683716e-06
HA-0930,1,0,0.87355524,0.13518393
HA-0759,0,0,0.2513435,0.28947496
HB-0831,1,0,0.99786216,0.0021401457
HB-0212,1,0,0.018455004,3.9924197
HA-0733,0,0,0.00012251818,0.00012207031
HA-0602,0,0,0.8908797,2.2153046
HA-0636,0,0,0.0042282557,0.004237175
HA-0827,0,0,0.6558607,1.0667088
HA-0482,0,0,0.21593748,0.24326658
HB-0538,1,0,1.0,3.313413e-08
HA-0406,0,0,0.008852516,0.008892059
HA-0711,0,0,0.0007204953,0.0007209778
HA-0193,0,0,0.40441224,0.51820654
HA-0819,0,0,0.016824607,0.016967773
HB-0237,0,0,0.0002464306,0.00024604797
HA-0775,0,0,0.6752218,1.1246128
HB-0329,1,0,0.9989158,0.0010848714
HA-0767,1,0,0.98526925,0.014840306
HA-0350,0,0,0.1169035,0.124320745
HB-0519,0,0,0.90400046,2.3434117
HA-0274,0,0,1.5866673e-06,1.9073486e-06
HB-0337,1,0,0.60181814,0.5078
HA-0529,1,0,0.0055862735,5.187443
HB-0868,1,0,0.99995327,4.6752735e-05
HB-0852,0,0,1.402973e-07,0.0
HB-0744,0,0,0.15966503,0.17395473
HA-0050,0,0,0.28958017,0.34189922
HA-0184,0,0,0.079260096,0.082577705
HB-0723,1,0,0.12342559,2.0921168
HA-0183,0,0,0.052249543,0.05366397
HB-0453,1,0,0.0004459035,7.715408
HA-0113,0,0,1.4466056e-07,0.0
HB-0082,0,0,0.99411595,5.135518
HA-0240,0,0,0.0002138231,0.00021362305
HB-0591,0,0,0.0058553377,0.0058727264
HA-0712,1,0,0.89993286,0.10543514
HB-0255,0,0,0.17998885,0.19843733
HB-0784,1,0,0.016667103,4.0943184
HA-1000,1,0,1.1993343e-07,15.936329
HA-0048,1,0,0.00033606033,7.99822
HA-0331,0,0,1.0,17.538769
HA-0261,0,0,0.00057169975,0.00057172775
HA-0715,0,0,0.000692778,0.0006928444
HA-0229,0,0,0.0005243144,0.0005245209
HA-0736,1,0,0.077822596,2.5533235
HB-0796,1,0,0.17822373,1.7247157
HB-0756,1,0,0.19448027,1.6374245
HB-0190,1,0,0.00017398236,8.656556
HB-0659,0,0,0.43343753,0.568168
HB-0176,0,0,0.0013809076,0.0013818741
HB-0137,1,0,0.9999924,7.658061e-06
HB-0804,0,0,0.00060812547,0.0006084442
HB-0346,0,0,0.01685707,0.017000675
HB-0025,1,0,0.6513924,0.42864305
HA-0461,0,0,3.92212e-07,0.0
HB-0457,0,0,0.049999855,0.051293135
HA-0949,0,0,0.0117992675,0.011869431
HB-0554,1,0,0.0007436462,7.203945
HB-0343,0,0,0.18907504,0.2095797
HA-0095,0,0,0.0005085112,0.00050878525
HA-0475,1,0,0.00073883997,7.210429
HA-0133,0,0,0.056461897,0.05811858
HB-0749,1,0,0.055031803,2.899844
HA-0626,1,0,0.57300615,0.55685884
HA-0192,0,0,0.96667427,3.401426
HB-0516,1,0,6.529948e-05,9.636526
HB-0112,1,0,2.666848e-05,10.532028
HB-0505,1,0,0.0829856,2.489088
