record_id,split
HA-00001,fit
HA-00002,test
HA-00003,test
HA-00004,fit
HA-00005,test
HA-00006,test
HA-00007,fit
HA-00008,test
HA-00009,fit
HA-00010,fit
HA-00011,fit
HA-00012,fit
HA-00013,fit
HA-00014,test
HA-00015,test
HA-00016,test
HA-00017,test
HA-00018,test
HA-00019,fit
HA-00020,val
HA-00021,fit
HA-00022,val
HA-00023,test
HA-00024,test
HA-00025,test
HA-00026,val
HA-00027,fit
HA-00028,fit
HA-00029,test
HA-00030,fit
HA-00031,val
HA-00032,test
HA-00033,fit
HA-00034,test
HA-00035,fit
HA-00036,test
HA-00037,test
HA-00038,val
HA-00039,fit
HA-00040,test
HA-00041,val
HA-00042,fit
HA-00043,test
HA-00044,val
HA-00045,test
HA-00046,test
HA-00047,test
HA-00048,fit
HA-00049,val
HA-00050,test
HA-00051,test
HA-00052,fit
HA-00053,test
HA-00054,fit
HA-00055,test
HA-00056,fit
HA-00057,val
HA-00058,fit
HA-00059,test
HA-00060,test
HA-00061,test
HA-00062,fit
HA-00063,fit
HA-00064,test
HA-00065,test
HA-00066,test
HA-00067,fit
HA-00068,test
HA-00069,fit
HA-00070,fit
HA-00071,test
HA-00072,test
HA-00073,test
HA-00074,fit
HA-00075,fit
HA-00076,fit
HA-00077,val
HA-00078,fit
HA-00079,fit
HA-00080,fit
HA-00081,test
HA-00082,test
HA-00083,test
HA-00084,test
HA-00085,fit
HA-00086,test
HA-00087,test
HA-00088,val
HA-00089,val
HA-00090,test
HA-00091,test
HA-00092,test
HA-00093,test
HA-00094,fit
HA-00095,test
HA-00096,test
HA-00097,test
HA-00098,test
HA-00099,test
HA-00100,val
HA-00101,val
HA-00102,fit
HA-00103,test
HA-00104,test
HA-00105,val
HA-00106,test
HA-00107,test
HA-00108,test
HA-00109,fit
HA-00110,fit
HA-00111,fit
HA-00112,fit
HA-00113,fit
HA-00114,test
HA-00115,test
HA-00116,val
HA-00117,test
HA-00118,test
HA-00119,val
HA-00120,test
HA-00121,test
HA-00122,test
HA-00123,test
HA-00124,test
HA-00125,fit
HA-00126,val
HA-00127,test
HA-00128,test
HA-00129,test
HA-00130,fit
HA-00131,val
HA-00132,fit
HA-00133,fit
HA-00134,test
HA-00135,fit
HA-00136,fit
HA-00137,test
HA-00138,test
HA-00139,fit
HA-00140,fit
HA-00141,fit
HA-00142,val
HA-00143,fit
HA-00144,test
HA-00145,fit
HA-00146,fit
HA-00147,test
HA-00148,val
HA-00149,test
HA-00150,fit
HA-00151,fit
HA-00152,test
HA-00153,fit
HA-00154,test
HA-00155,test
HA-00156,fit
HA-00157,test
HA-00158,val
HA-00159,test
HA-00160,test
HA-00161,val
HA-00162,test
HA-00163,fit
HA-00164,test
HA-00165,fit
HA-00166,fit
HA-00167,test
HA-00168,fit
HA-00169,fit
HA-00170,test
HA-00171,test
HA-00172,fit
HA-00173,test
HA-00174,fit
HA-00175,test
HA-00176,test
HA-00177,test
HA-00178,test
HA-00179,fit
HA-00180,fit
HA-00181,test
HA-00182,val
HA-00183,val
HA-00184,fit
HA-00185,fit
HA-00186,fit
HA-00187,fit
HA-00188,val
HA-00189,test
HA-00190,fit
HA-00191,test
HA-00192,test
HA-00193,fit
HA-00194,fit
HA-00195,test
HA-00196,test
HA-00197,val
HA-00198,test
HA-00199,fit
HA-00200,val
HA-00201,test
HA-00202,test
HA-00203,fit
HA-00204,fit
HA-00205,test
HA-00206,test
HA-00207,test
HA-00208,val
HA-00209,val
HA-00210,fit
HA-00211,test
HA-00212,test
HA-00213,val
HA-00214,val
HA-00215,test
HA-00216,val
HA-00217,fit
HA-00218,test
HA-00219,fit
HA-00220,test
HA-00221,test
HA-00222,fit
HA-00223,fit
HA-00224,val
HA-00225,test
HA-00226,fit
HA-00227,test
HA-00228,val
HA-00229,test
HA-00230,test
HA-00231,val
HA-00232,test
HA-00233,test
HA-00234,val
HA-00235,test
HA-00236,fit
HA-00237,test
HA-00238,val
HA-00239,test
HA-00240,test
HA-00241,test
HA-00242,test
HA-00243,test
HA-00244,test
HA-00245,fit
HA-00246,test
HA-00247,val
HA-00248,val
HA-00249,fit
HA-00250,test
HA-00251,fit
HA-00252,fit
HA-00253,test
HA-00254,test
HA-00255,test
HA-00256,fit
HA-00257,test
HA-00258,fit
HA-00259,fit
HA-00260,test
HA-00261,test
HA-00262,fit
HA-00263,fit
HA-00264,val
HA-00265,fit
HA-00266,test
HA-00267,test
HA-00268,test
HA-00269,test
HA-00270,test
HA-00271,fit
HA-00272,test
HA-00273,fit
HA-00274,test
HA-00275,test
HA-00276,test
HA-00277,fit
HA-00278,fit
HA-00279,test
HA-00280,fit
HA-00281,test
HA-00282,test
HA-00283,test
HA-00284,test
HA-00285,fit
HA-00286,fit
HA-00287,fit
HA-00288,test
HA-00289,test
HA-00290,test
HA-00291,test
HA-00292,fit
HA-00293,fit
HA-00294,fit
HA-00295,test
HA-00296,test
HA-00297,test
HA-00298,test
HA-00299,test
HA-00300,test
HA-00301,val
HA-00302,fit
HA-00303,fit
HA-00304,test
HA-00305,test
HA-00306,test
HA-00307,fit
HA-00308,test
HA-00309,test
HA-00310,test
HA-00311,test
HA-00312,test
HA-00313,test
HA-00314,test
HA-00315,fit
HA-00316,fit
HA-00317,fit
HA-00318,val
HA-00319,test
HA-00320,fit
HA-00321,fit
HA-00322,test
HA-00323,val
HA-00324,fit
HA-00325,fit
HA-00326,test
HA-00327,fit
HA-00328,test
HA-00329,test
HA-00330,test
HA-00331,test
HA-00332,fit
HA-00333,test
HA-00334,test
HA-00335,test
HA-00336,test
HA-00337,fit
HA-00338,test
HA-00339,test
HA-00340,test
HA-00341,fit
HA-00342,test
HA-00343,test
HA-00344,test
HA-00345,fit
HA-00346,fit
HA-00347,fit
HA-00348,test
HA-00349,test
HA-00350,test
HA-00351,test
HA-00352,fit
HA-00353,fit
HA-00354,fit
HA-00355,fit
HA-00356,fit
HA-00357,fit
HA-00358,test
HA-00359,test
HA-00360,fit
HA-00361,fit
HA-00362,fit
HA-00363,fit
HA-00364,fit
HA-00365,val
HA-00366,fit
HA-00367,fit
HA-00368,fit
HA-00369,fit
HA-00370,test
HA-00371,fit
HA-00372,fit
HA-00373,test
HA-00374,val
HA-00375,fit
HA-00376,fit
HA-00377,fit
HA-00378,fit
HA-00379,fit
HA-00380,test
HA-00381,fit
HA-00382,fit
HA-00383,val
HA-00384,test
HA-00385,test
HA-00386,fit
HA-00387,val
HA-00388,fit
HA-00389,test
HA-00390,test
HA-00391,fit
HA-00392,fit
HA-00393,fit
HA-00394,fit
HA-00395,test
HA-00396,test
HA-00397,test
HA-00398,test
HA-00399,test
HA-00400,test
HA-00401,val
HA-00402,fit
HA-00403,val
HA-00404,fit
HA-00405,fit
HA-00406,test
HA-00407,fit
HA-00408,fit
HA-00409,fit
HA-00410,val
HA-00411,test
HA-00412,fit
HA-00413,test
HA-00414,fit
HA-00415,test
HA-00416,val
HA-00417,fit
HA-00418,test
HA-00419,fit
HA-00420,test
HA-00421,test
HA-00422,fit
HA-00423,val
HA-00424,test
HA-00425,test
HA-00426,test
HA-00427,test
HA-00428,test
HA-00429,fit
HA-00430,fit
HA-00431,val
HA-00432,test
HA-00433,test
HA-00434,test
HA-00435,fit
HA-00436,test
HA-00437,test
HA-00438,fit
HA-00439,test
HA-00440,fit
HA-00441,fit
HA-00442,test
HA-00443,fit
HA-00444,fit
HA-00445,fit
HA-00446,fit
HA-00447,fit
HA-00448,fit
HA-00449,test
HA-00450,test
HA-00451,test
HA-00452,fit
HA-00453,test
HA-00454,test
HA-00455,val
HA-00456,fit
HA-00457,fit
HA-00458,test
HA-00459,fit
HA-00460,fit
HA-00461,test
HA-00462,test
HA-00463,fit
HA-00464,test
HA-00465,fit
HA-00466,test
HA-00467,fit
HA-00468,fit
HA-00469,test
HA-00470,fit
HA-00471,test
HA-00472,fit
HA-00473,fit
HA-00474,test
HA-00475,test
HA-00476,val
HA-00477,test
HA-00478,test
HA-00479,test
HA-00480,test
HA-00481,fit
HA-00482,fit
HA-00483,test
HA-00484,test
HA-00485,fit
HA-00486,test
HA-00487,test
HA-00488,test
HA-00489,test
HA-00490,fit
HA-00491,val
HA-00492,test
HA-00493,test
HA-00494,val
HA-00495,test
HA-00496,test
HA-00497,test
HA-00498,test
HA-00499,fit
HA-00500,test
HA-00501,fit
HA-00502,test
HA-00503,test
HA-00504,test
HA-00505,test
HA-00506,fit
HA-00507,test
HA-00508,fit
HA-00509,test
HA-00510,test
HA-00511,fit
HA-00512,fit
HA-00513,test
HA-00514,test
HA-00515,test
HA-00516,fit
HA-00517,val
HA-00518,fit
HA-00519,fit
HA-00520,test
HA-00521,test
HA-00522,test
HA-00523,test
HA-00524,test
HA-00525,fit
HA-00526,test
HA-00527,val
HA-00528,val
HA-00529,test
HA-00530,fit
HA-00531,test
HA-00532,fit
HA-00533,test
HA-00534,val
HA-00535,fit
HA-00536,test
HA-00537,test
HA-00538,test
HA-00539,fit
HA-00540,test
HA-00541,test
HA-00542,val
HA-00543,test
HA-00544,test
HA-00545,fit
HA-00546,val
HA-00547,fit
HA-00548,val
HA-00549,test
HA-00550,test
HA-00551,test
HA-00552,fit
HA-00553,fit
HA-00554,test
HA-00555,test
HA-00556,test
HA-00557,test
HA-00558,test
HA-00559,test
HA-00560,test
HA-00561,fit
HA-00562,fit
HA-00563,fit
HA-00564,test
HA-00565,test
HA-00566,fit
HA-00567,fit
HA-00568,fit
HA-00569,test
HA-00570,test
HA-00571,test
HA-00572,fit
HA-00573,fit
HA-00574,test
HA-00575,test
HA-00576,test
HA-00577,test
HA-00578,val
HA-00579,fit
HA-00580,fit
HA-00581,test
HA-00582,fit
HA-00583,test
HA-00584,fit
HA-00585,test
HA-00586,test
HA-00587,fit
HA-00588,fit
HA-00589,test
HA-00590,fit
HA-00591,fit
HA-00592,fit
HA-00593,val
HA-00594,test
HA-00595,test
HA-00596,fit
HA-00597,fit
HA-00598,fit
HA-00599,fit
HA-00600,fit
HA-00601,test
HA-00602,fit
HA-00603,fit
HA-00604,test
HA-00605,val
HA-00606,test
HA-00607,test
HA-00608,test
HA-00609,test
HA-00610,test
HA-00611,test
HA-00612,test
HA-00613,fit
HA-00614,test
HA-00615,test
HA-00616,fit
HA-00617,test
HA-00618,fit
HA-00619,fit
HA-00620,val
HA-00621,test
HA-00622,fit
HA-00623,test
HA-00624,fit
HA-00625,val
HA-00626,test
HA-00627,fit
HA-00628,fit
HA-00629,fit
HA-00630,test
HA-00631,test
HA-00632,fit
HA-00633,fit
HA-00634,test
HA-00635,fit
HA-00636,test
HA-00637,fit
HA-00638,fit
HA-00639,test
HA-00640,test
HA-00641,fit
HA-00642,fit
HA-00643,test
HA-00644,test
HA-00645,fit
HA-00646,val
HA-00647,test
HA-00648,fit
HA-00649,fit
HA-00650,fit
HA-00651,val
HA-00652,fit
HA-00653,test
HA-00654,test
HA-00655,test
HA-00656,fit
HA-00657,val
HA-00658,test
HA-00659,test
HA-00660,fit
HA-00661,val
HA-00662,fit
HA-00663,fit
HA-00664,test
HA-00665,fit
HA-00666,test
HA-00667,fit
HA-00668,test
HA-00669,test
HA-00670,test
HA-00671,test
HA-00672,test
HA-00673,fit
HA-00674,test
HA-00675,test
HA-00676,test
HA-00677,test
HA-00678,fit
HA-00679,test
HA-00680,test
HA-00681,test
HA-00682,fit
HA-00683,test
HA-00684,fit
HA-00685,val
HA-00686,test
HA-00687,test
HA-00688,fit
HA-00689,fit
HA-00690,test
HA-00691,fit
HA-00692,fit
HA-00693,val
HA-00694,test
HA-00695,test
HA-00696,fit
HA-00697,fit
HA-00698,test
HA-00699,val
HA-00700,fit
HA-00701,test
HA-00702,test
HA-00703,test
HA-00704,fit
HA-00705,test
HA-00706,val
HA-00707,val
HA-00708,fit
HA-00709,test
HA-00710,val
HA-00711,fit
HA-00712,fit
HA-00713,val
HA-00714,fit
HA-00715,val
HA-00716,fit
HA-00717,test
HA-00718,test
HA-00719,test
HA-00720,test
HA-00721,test
HA-00722,fit
HA-00723,test
HA-00724,test
HA-00725,val
HA-00726,fit
HA-00727,test
HA-00728,test
HA-00729,test
HA-00730,test
HA-00731,fit
HA-00732,test
HA-00733,fit
HA-00734,val
HA-00735,test
HA-00736,fit
HA-00737,test
HA-00738,fit
HA-00739,val
HA-00740,fit
HA-00741,fit
HA-00742,fit
HA-00743,val
HA-00744,fit
HA-00745,fit
HA-00746,test
HA-00747,test
HA-00748,test
HA-00749,test
HA-00750,test
HA-00751,test
HA-00752,fit
HA-00753,fit
HA-00754,fit
HA-00755,fit
HA-00756,test
HA-00757,val
HA-00758,test
HA-00759,test
HA-00760,val
HA-00761,fit
HA-00762,test
HA-00763,val
HA-00764,val
HA-00765,test
HA-00766,test
HA-00767,test
HA-00768,test
HA-00769,fit
HA-00770,test
HA-00771,test
HA-00772,test
HA-00773,test
HA-00774,test
HA-00775,test
HA-00776,fit
HA-00777,test
HA-00778,test
HA-00779,test
HA-00780,fit
HA-00781,test
HA-00782,test
HA-00783,test
HA-00784,val
HA-00785,fit
HA-00786,val
HA-00787,test
HA-00788,test
HA-00789,test
HA-00790,fit
HA-00791,fit
HA-00792,test
HA-00793,fit
HA-00794,val
HA-00795,fit
HA-00796,test
HA-00797,test
HA-00798,test
HA-00799,test
HA-00800,fit
HA-00801,fit
HA-00802,fit
HA-00803,test
HA-00804,test
HA-00805,fit
HA-00806,fit
HA-00807,fit
HA-00808,fit
HA-00809,test
HA-00810,test
HA-00811,test
HA-00812,test
HA-00813,fit
HA-00814,fit
HA-00815,fit
HA-00816,test
HA-00817,val
HA-00818,test
HA-00819,test
HA-00820,val
HA-00821,fit
HA-00822,test
HA-00823,fit
HA-00824,fit
HA-00825,val
HA-00826,test
HA-00827,test
HA-00828,fit
HA-00829,val
HA-00830,fit
HA-00831,fit
HA-00832,test
HA-00833,test
HA-00834,fit
HA-00835,fit
HA-00836,fit
HA-00837,fit
HA-00838,fit
HA-00839,fit
HA-00840,fit
HA-00841,fit
HA-00842,test
HA-00843,fit
HA-00844,fit
HA-00845,test
HA-00846,fit
HA-00847,fit
HA-00848,fit
HA-00849,fit
HA-00850,fit
HA-00851,val
HA-00852,fit
HA-00853,fit
HA-00854,fit
HA-00855,test
HA-00856,test
HA-00857,test
HA-00858,val
HA-00859,test
HA-00860,fit
HA-00861,test
HA-00862,test
HA-00863,fit
HA-00864,test
HA-00865,test
HA-00866,fit
HA-00867,test
HA-00868,val
HA-00869,fit
HA-00870,val
HA-00871,test
HA-00872,test
HA-00873,test
HA-00874,fit
HA-00875,fit
HA-00876,fit
HA-00877,fit
HA-00878,test
HA-00879,fit
HA-00880,fit
HA-00881,test
HA-00882,test
HA-00883,fit
HA-00884,test
HA-00885,test
HA-00886,fit
HA-00887,val
HA-00888,test
HA-00889,test
HA-00890,test
HA-00891,fit
HA-00892,test
HA-00893,fit
HA-00894,test
HA-00895,fit
HA-00896,test
HA-00897,fit
HA-00898,fit
HA-00899,test
HA-00900,fit
HA-00901,fit
HA-00902,test
HA-00903,fit
HA-00904,test
HA-00905,test
HA-00906,test
HA-00907,fit
HA-00908,test
HA-00909,test
HA-00910,test
HA-00911,fit
HA-00912,test
HA-00913,test
HA-00914,fit
HA-00915,fit
HA-00916,val
HA-00917,fit
HA-00918,fit
HA-00919,fit
HA-00920,test
HA-00921,test
HA-00922,fit
HA-00923,fit
HA-00924,fit
HA-00925,fit
HA-00926,fit
HA-00927,test
HA-00928,test
HA-00929,fit
HA-00930,test
HA-00931,test
HA-00932,fit
HA-00933,test
HA-00934,fit
HA-00935,test
HA-00936,test
HA-00937,test
HA-00938,test
HA-00939,test
HA-00940,val
HA-00941,test
HA-00942,fit
HA-00943,fit
HA-00944,fit
HA-00945,test
HA-00946,fit
HA-00947,test
HA-00948,test
HA-00949,fit
HA-00950,test
HA-00951,fit
HA-00952,fit
HA-00953,test
HA-00954,test
HA-00955,fit
HA-00956,val
HA-00957,fit
HA-00958,fit
HA-00959,fit
HA-00960,val
HA-00961,fit
HA-00962,fit
HA-00963,val
HA-00964,test
HA-00965,val
HA-00966,fit
HA-00967,fit
HA-00968,fit
HA-00969,test
HA-00970,fit
HA-00971,fit
HA-00972,test
HA-00973,fit
HA-00974,test
HA-00975,test
HA-00976,fit
HA-00977,fit
HA-00978,test
HA-00979,test
HA-00980,test
HA-00981,fit
HA-00982,test
HA-00983,fit
HA-00984,val
HA-00985,fit
HA-00986,val
HA-00987,test
HA-00988,test
HA-00989,fit
HA-00990,test
HA-00991,fit
HA-00992,fit
HA-00993,test
HA-00994,fit
HA-00995,test
HA-00996,fit
HA-00997,fit
HA-00998,fit
HA-00999,test
HA-01000,test
HA-01001,fit
HA-01002,test
HA-01003,fit
HA-01004,test
HA-01005,fit
HA-01006,test
HA-01007,val
HA-01008,fit
HA-01009,test
HA-01010,test
HA-01011,test
HA-01012,fit
HA-01013,fit
HA-01014,test
HA-01015,fit
HA-01016,fit
HA-01017,test
HA-01018,val
HA-01019,val
HA-01020,test
HA-01021,val
HA-01022,test
HA-01023,test
HA-01024,test
HA-01025,fit
HA-01026,fit
HA-01027,test
HA-01028,val
HA-01029,fit
HA-01030,test
HA-01031,fit
HA-01032,test
HA-01033,test
HA-01034,fit
HA-01035,fit
HA-01036,test
HA-01037,test
HA-01038,fit
HA-01039,test
HA-01040,fit
HA-01041,test
HA-01042,fit
HA-01043,test
HA-01044,test
HA-01045,fit
HA-01046,fit
HA-01047,fit
HA-01048,test
HA-01049,fit
HA-01050,test
HA-01051,test
HA-01052,test
HA-01053,fit
HA-01054,test
HA-01055,val
HA-01056,test
HA-01057,test
HA-01058,test
HA-01059,fit
HA-01060,fit
HA-01061,fit
HA-01062,test
HA-01063,test
HA-01064,fit
HA-01065,test
HA-01066,fit
HA-01067,test
HA-01068,fit
HA-01069,test
HA-01070,test
HA-01071,test
HA-01072,fit
HA-01073,val
HA-01074,test
HA-01075,test
HA-01076,test
HA-01077,fit
HA-01078,test
HA-01079,fit
HA-01080,test
HA-01081,test
HA-01082,val
HA-01083,fit
HA-01084,val
HA-01085,fit
HA-01086,fit
HA-01087,val
HA-01088,fit
HA-01089,fit
HA-01090,test
HA-01091,test
HA-01092,test
HA-01093,val
HA-01094,fit
HA-01095,fit
HA-01096,fit
HA-01097,test
HA-01098,fit
HA-01099,fit
HA-01100,fit
HA-01101,test
HA-01102,test
HA-01103,fit
HA-01104,test
HA-01105,test
HA-01106,fit
HA-01107,test
HA-01108,fit
HA-01109,fit
HA-01110,fit
HA-01111,test
HA-01112,test
HA-01113,test
HA-01114,test
HA-01115,fit
HA-01116,test
HA-01117,test
HA-01118,test
HA-01119,test
HA-01120,test
HA-01121,fit
HA-01122,test
HA-01123,test
HA-01124,test
HA-01125,fit
HA-01126,test
HA-01127,val
HA-01128,test
HA-01129,test
HA-01130,fit
HA-01131,test
HA-01132,test
HA-01133,fit
HA-01134,test
HA-01135,test
HA-01136,test
HA-01137,test
HA-01138,test
HA-01139,test
HA-01140,test
HA-01141,test
HA-01142,test
HA-01143,test
HA-01144,test
HA-01145,fit
HA-01146,test
HA-01147,test
HA-01148,fit
HA-01149,fit
HA-01150,test
HA-01151,test
HA-01152,val
HA-01153,fit
HA-01154,test
HA-01155,fit
HA-01156,fit
HA-01157,test
HA-01158,test
HA-01159,test
HA-01160,fit
HA-01161,fit
HA-01162,test
HA-01163,test
HA-01164,val
HA-01165,fit
HA-01166,test
HA-01167,test
HA-01168,test
HA-01169,fit
HA-01170,test
HA-01171,test
HA-01172,test
HA-01173,val
HA-01174,test
HA-01175,fit
HA-01176,test
HA-01177,val
HA-01178,fit
HA-01179,fit
HA-01180,fit
HA-01181,fit
HA-01182,test
HA-01183,test
HA-01184,fit
HA-01185,fit
HA-01186,test
HA-01187,test
HA-01188,test
HA-01189,fit
HA-01190,test
HA-01191,test
HA-01192,val
HA-01193,fit
HA-01194,fit
HA-01195,test
HA-01196,fit
HA-01197,val
HA-01198,fit
HA-01199,test
HA-01200,test
HA-01201,test
HA-01202,test
HA-01203,fit
HA-01204,test
HA-01205,test
HA-01206,test
HA-01207,fit
HA-01208,val
HA-01209,val
HA-01210,test
HA-01211,test
HA-01212,fit
HA-01213,test
HA-01214,test
HA-01215,test
HA-01216,fit
HA-01217,fit
HA-01218,test
HA-01219,test
HA-01220,test
HA-01221,test
HA-01222,test
HA-01223,fit
HA-01224,test
HA-01225,test
HA-01226,fit
HA-01227,fit
HA-01228,val
HA-01229,fit
HA-01230,fit
HA-01231,test
HA-01232,test
HA-01233,test
HA-01234,fit
HA-01235,test
HA-01236,fit
HA-01237,fit
HA-01238,test
HA-01239,val
HA-01240,test
HA-01241,fit
HA-01242,test
HA-01243,test
HA-01244,fit
HA-01245,fit
HA-01246,test
HA-01247,test
HA-01248,fit
HA-01249,test
HA-01250,fit
HA-01251,fit
HA-01252,fit
HA-01253,test
HA-01254,fit
HA-01255,test
HA-01256,fit
HA-01257,fit
HA-01258,fit
HA-01259,test
HA-01260,fit
HA-01261,val
HA-01262,val
HA-01263,fit
HA-01264,fit
HA-01265,fit
HA-01266,test
HA-01267,test
HA-01268,test
HA-01269,val
HA-01270,fit
HA-01271,fit
HA-01272,test
HA-01273,fit
HA-01274,val
HA-01275,test
HA-01276,test
HA-01277,test
HA-01278,test
HA-01279,fit
HA-01280,fit
HA-01281,test
HA-01282,fit
HA-01283,fit
HA-01284,fit
HA-01285,fit
HA-01286,fit
HA-01287,fit
HA-01288,fit
HA-01289,test
HA-01290,test
HA-01291,fit
HA-01292,test
HA-01293,test
HA-01294,test
HA-01295,val
HA-01296,test
HA-01297,val
HA-01298,test
HA-01299,test
HA-01300,test
HA-01301,val
HA-01302,test
HA-01303,val
HA-01304,test
HA-01305,test
HA-01306,fit
HA-01307,test
HA-01308,val
HA-01309,fit
HA-01310,fit
HA-01311,val
HA-01312,test
HA-01313,fit
HA-01314,fit
HA-01315,val
HA-01316,test
HA-01317,fit
HA-01318,test
HA-01319,fit
HA-01320,fit
HA-01321,test
HA-01322,fit
HA-01323,test
HA-01324,test
HA-01325,test
HA-01326,val
HA-01327,fit
HA-01328,fit
HA-01329,fit
HA-01330,fit
HA-01331,fit
HA-01332,fit
HA-01333,val
HA-01334,test
HA-01335,fit
HA-01336,test
HA-01337,fit
HA-01338,fit
HA-01339,fit
HA-01340,test
HA-01341,fit
HA-01342,test
HA-01343,test
HA-01344,test
HA-01345,test
HA-01346,fit
HA-01347,test
HA-01348,val
HA-01349,fit
HA-01350,test
HA-01351,test
HA-01352,fit
HA-01353,test
HA-01354,fit
HA-01355,fit
HA-01356,fit
HA-01357,fit
HA-01358,fit
HA-01359,fit
HA-01360,fit
HA-01361,test
HA-01362,fit
HA-01363,test
HA-01364,test
HA-01365,val
HA-01366,val
HA-01367,test
HA-01368,test
HA-01369,test
HA-01370,fit
HA-01371,test
HA-01372,test
HA-01373,test
HA-01374,test
HA-01375,test
HA-01376,test
HA-01377,fit
HA-01378,fit
HA-01379,fit
HA-01380,val
HA-01381,fit
HA-01382,val
HA-01383,test
HA-01384,fit
HA-01385,fit
HA-01386,fit
HA-01387,test
HA-01388,fit
HA-01389,fit
HA-01390,fit
HA-01391,fit
HA-01392,fit
HA-01393,fit
HA-01394,fit
HA-01395,test
HA-01396,test
HA-01397,fit
HA-01398,fit
HA-01399,fit
HA-01400,fit
HA-01401,test
HA-01402,val
HA-01403,fit
HA-01404,test
HA-01405,fit
HA-01406,fit
HA-01407,test
HA-01408,test
HA-01409,test
HA-01410,test
HA-01411,fit
HA-01412,test
HA-01413,val
HA-01414,fit
HA-01415,test
HA-01416,fit
HA-01417,test
HA-01418,fit
HA-01419,fit
HA-01420,test
HA-01421,test
HA-01422,test
HA-01423,test
HA-01424,val
HA-01425,fit
HA-01426,test
HA-01427,fit
HA-01428,test
HA-01429,val
HA-01430,test
HA-01431,fit
HA-01432,test
HA-01433,test
HA-01434,test
HA-01435,test
HA-01436,test
HA-01437,test
HA-01438,test
HA-01439,test
HA-01440,fit
HA-01441,test
HA-01442,fit
HA-01443,test
HA-01444,test
HA-01445,fit
HA-01446,fit
HA-01447,fit
HA-01448,fit
HA-01449,fit
HA-01450,test
HA-01451,test
HA-01452,fit
HA-01453,fit
HA-01454,val
HA-01455,test
HA-01456,fit
HA-01457,val
HA-01458,test
HA-01459,fit
HA-01460,test
HA-01461,fit
HA-01462,fit
HA-01463,val
HA-01464,val
HA-01465,fit
HA-01466,fit
HA-01467,test
HA-01468,test
HA-01469,test
HA-01470,val
HA-01471,val
HA-01472,val
HA-01473,test
HA-01474,test
HA-01475,fit
HA-01476,test
HA-01477,test
HA-01478,test
HA-01479,fit
HA-01480,test
HA-01481,test
HA-01482,test
HA-01483,test
HA-01484,test
HA-01485,test
HA-01486,test
HA-01487,test
HA-01488,test
HA-01489,fit
HA-01490,test
HA-01491,test
HA-01492,test
HA-01493,fit
HA-01494,fit
HA-01495,test
HA-01496,fit
HA-01497,fit
HA-01498,test
HA-01499,fit
HA-01500,fit
HA-01501,test
HA-01502,test
HA-01503,test
HA-01504,test
HA-01505,test
HA-01506,fit
HA-01507,test
HA-01508,test
HA-01509,test
HA-01510,test
HA-01511,fit
HA-01512,fit
HA-01513,fit
HA-01514,fit
HA-01515,test
HA-01516,test
HA-01517,test
HA-01518,test
HA-01519,fit
HA-01520,fit
HA-01521,val
HA-01522,test
HA-01523,test
HA-01524,fit
HA-01525,fit
HA-01526,test
HA-01527,fit
HA-01528,test
HA-01529,test
HA-01530,test
HA-01531,test
HA-01532,val
HA-01533,test
HA-01534,fit
HA-01535,test
HA-01536,fit
HA-01537,fit
HA-01538,test
HA-01539,test
HA-01540,test
HA-01541,fit
HA-01542,test
HA-01543,fit
HA-01544,val
HA-01545,fit
HA-01546,fit
HA-01547,test
HA-01548,fit
HA-01549,test
HA-01550,test
HA-01551,test
HA-01552,test
HA-01553,val
HA-01554,test
HA-01555,fit
HA-01556,fit
HA-01557,test
HA-01558,test
HA-01559,test
HA-01560,test
HA-01561,test
HA-01562,fit
HA-01563,test
HA-01564,test
HA-01565,fit
HA-01566,test
HA-01567,fit
HA-01568,fit
HA-01569,test
HA-01570,test
HA-01571,fit
HA-01572,test
HA-01573,val
HA-01574,test
HA-01575,test
HA-01576,fit
HA-01577,fit
HA-01578,test
HA-01579,test
HA-01580,test
HA-01581,test
HA-01582,fit
HA-01583,test
HA-01584,test
HA-01585,test
HA-01586,val
HA-01587,fit
HA-01588,test
HA-01589,val
HA-01590,test
HA-01591,fit
HA-01592,val
HA-01593,test
HA-01594,fit
HA-01595,test
HA-01596,fit
HA-01597,test
HA-01598,test
HA-01599,fit
HA-01600,test
HA-01601,test
HA-01602,test
HA-01603,test
HA-01604,val
HA-01605,test
HA-01606,test
HA-01607,test
HA-01608,test
HA-01609,fit
HA-01610,fit
HA-01611,fit
HA-01612,val
HA-01613,fit
HA-01614,test
HA-01615,fit
HA-01616,val
HA-01617,test
HA-01618,fit
HA-01619,val
HA-01620,fit
HA-01621,fit
HA-01622,test
HA-01623,val
HA-01624,test
HA-01625,fit
HA-01626,fit
HA-01627,fit
HA-01628,test
HA-01629,test
HA-01630,fit
HA-01631,test
HA-01632,val
HA-01633,val
HA-01634,fit
HA-01635,test
HA-01636,test
HA-01637,fit
HA-01638,test
HA-01639,fit
HA-01640,test
HA-01641,fit
HA-01642,val
HA-01643,fit
HA-01644,test
HA-01645,test
HA-01646,test
HA-01647,test
HA-01648,val
HA-01649,fit
HA-01650,val
HA-01651,fit
HA-01652,val
HA-01653,fit
HA-01654,fit
HA-01655,fit
HA-01656,test
HA-01657,fit
HA-01658,test
HA-01659,test
HA-01660,test
HA-01661,fit
HA-01662,test
HA-01663,test
HA-01664,fit
HA-01665,fit
HA-01666,fit
HA-01667,test
HA-01668,test
HA-01669,fit
HA-01670,fit
HA-01671,test
HA-01672,fit
HA-01673,fit
HA-01674,test
HA-01675,fit
HA-01676,fit
HA-01677,fit
HA-01678,fit
HA-01679,fit
HA-01680,test
HA-01681,fit
HA-01682,test
HA-01683,test
HA-01684,test
HA-01685,fit
HA-01686,fit
HA-01687,test
HA-01688,test
HA-01689,fit
HA-01690,test
HA-01691,test
HA-01692,test
HA-01693,fit
HA-01694,fit
HA-01695,fit
HA-01696,test
HA-01697,fit
HA-01698,val
HA-01699,fit
HA-01700,fit
HA-01701,fit
HA-01702,fit
HA-01703,test
HA-01704,test
HA-01705,test
HA-01706,fit
HA-01707,test
HA-01708,fit
HA-01709,fit
HA-01710,test
HA-01711,fit
HA-01712,test
HA-01713,fit
HA-01714,fit
HA-01715,test
HA-01716,test
HA-01717,fit
HA-01718,fit
HA-01719,test
HA-01720,test
HA-01721,test
HA-01722,fit
HA-01723,test
HA-01724,fit
HA-01725,test
HA-01726,test
HA-01727,fit
HA-01728,test
HA-01729,test
HA-01730,test
HA-01731,test
HA-01732,test
HA-01733,test
HA-01734,fit
HA-01735,fit
HA-01736,test
HA-01737,test
HA-01738,fit
HA-01739,fit
HA-01740,test
HA-01741,test
HA-01742,test
HA-01743,fit
HA-01744,test
HA-01745,val
HA-01746,test
HA-01747,test
HA-01748,test
HA-01749,test
HA-01750,test
HA-01751,test
HA-01752,fit
HA-01753,fit
HA-01754,fit
HA-01755,test
HA-01756,fit
HA-01757,fit
HA-01758,test
HA-01759,fit
HA-01760,fit
HA-01761,val
HA-01762,test
HA-01763,test
HA-01764,fit
HA-01765,test
HA-01766,test
HA-01767,val
HA-01768,test
HA-01769,fit
HA-01770,test
HA-01771,test
HA-01772,val
HA-01773,fit
HA-01774,test
HA-01775,fit
HA-01776,fit
HA-01777,fit
HA-01778,fit
HA-01779,test
HA-01780,fit
HA-01781,fit
HA-01782,val
HA-01783,fit
HA-01784,test
HA-01785,fit
HA-01786,fit
HA-01787,val
HA-01788,test
HA-01789,val
HA-01790,fit
HA-01791,test
HA-01792,test
HA-01793,test
HA-01794,test
HA-01795,test
HA-01796,test
HA-01797,test
HA-01798,test
HA-01799,test
HA-01800,fit
HA-01801,fit
HA-01802,fit
HA-01803,test
HA-01804,fit
HA-01805,fit
HA-01806,fit
HA-01807,fit
HA-01808,test
HA-01809,val
HA-01810,test
HA-01811,test
HA-01812,fit
HA-01813,fit
HA-01814,fit
HA-01815,fit
HA-01816,test
HA-01817,test
HA-01818,fit
HA-01819,fit
HA-01820,test
HA-01821,test
HA-01822,test
HA-01823,fit
HA-01824,test
HA-01825,test
HA-01826,test
HA-01827,fit
HA-01828,test
HA-01829,test
HA-01830,fit
HA-01831,fit
HA-01832,fit
HA-01833,fit
HA-01834,test
HA-01835,test
HA-01836,test
HA-01837,test
HA-01838,fit
HA-01839,fit
HA-01840,fit
HA-01841,fit
HA-01842,test
HA-01843,fit
HA-01844,test
HA-01845,val
HA-01846,test
HA-01847,test
HA-01848,test
HA-01849,fit
HA-01850,test
HA-01851,test
HA-01852,test
HA-01853,test
HA-01854,test
HA-01855,val
HA-01856,val
HA-01857,fit
HA-01858,test
HA-01859,test
HA-01860,val
HA-01861,fit
HA-01862,test
HA-01863,test
HA-01864,test
HA-01865,test
HA-01866,test
HA-01867,fit
HA-01868,test
HA-01869,fit
HA-01870,val
HA-01871,fit
HA-01872,test
HA-01873,fit
HA-01874,test
HA-01875,fit
HA-01876,test
HA-01877,fit
HA-01878,test
HA-01879,test
HA-01880,test
HA-01881,val
HA-01882,test
HA-01883,test
HA-01884,fit
HA-01885,test
HA-01886,fit
HA-01887,test
HA-01888,test
HA-01889,val
HA-01890,val
HA-01891,val
HA-01892,val
HA-01893,test
HA-01894,fit
HA-01895,test
HA-01896,val
HA-01897,fit
HA-01898,test
HA-01899,test
HA-01900,fit
HA-01901,test
HA-01902,fit
HA-01903,test
HA-01904,fit
HA-01905,fit
HA-01906,fit
HA-01907,test
HA-01908,val
HA-01909,test
HA-01910,test
HA-01911,fit
HA-01912,val
HA-01913,fit
HA-01914,fit
HA-01915,test
HA-01916,test
HA-01917,fit
HA-01918,fit
HA-01919,fit
HA-01920,fit
HA-01921,fit
HA-01922,val
HA-01923,test
HA-01924,fit
HA-01925,test
HA-01926,fit
HA-01927,fit
HA-01928,test
HA-01929,test
HA-01930,test
HA-01931,fit
HA-01932,test
HA-01933,val
HA-01934,test
HA-01935,test
HA-01936,val
HA-01937,fit
HA-01938,fit
HA-01939,fit
HA-01940,fit
HA-01941,test
HA-01942,test
HA-01943,test
HA-01944,fit
HA-01945,fit
HA-01946,fit
HA-01947,val
HA-01948,test
HA-01949,test
HA-01950,test
HA-01951,test
HA-01952,test
HA-01953,test
HA-01954,fit
HA-01955,fit
HA-01956,test
HA-01957,fit
HA-01958,val
HA-01959,fit
HA-01960,val
HA-01961,test
HA-01962,test
HA-01963,test
HA-01964,test
HA-01965,test
HA-01966,fit
HA-01967,fit
HA-01968,test
HA-01969,fit
HA-01970,test
HA-01971,fit
HA-01972,test
HA-01973,fit
HA-01974,fit
HA-01975,fit
HA-01976,test
HA-01977,test
HA-01978,test
HA-01979,fit
HA-01980,test
HA-01981,test
HA-01982,test
HA-01983,fit
HA-01984,test
HA-01985,val
HA-01986,fit
HA-01987,fit
HA-01988,test
HA-01989,test
HA-01990,test
HA-01991,test
HA-01992,fit
HA-01993,fit
HA-01994,fit
HA-01995,val
HA-01996,fit
HA-01997,test
HA-01998,test
HA-01999,test
HA-02000,fit
HA-02001,fit
HA-02002,fit
HA-02003,test
HA-02004,fit
HA-02005,fit
HA-02006,test
HA-02007,val
HA-02008,fit
HA-02009,fit
HA-02010,val
HA-02011,fit
HA-02012,test
HA-02013,test
HA-02014,test
HA-02015,test
HA-02016,fit
HA-02017,test
HA-02018,fit
HA-02019,test
HA-02020,fit
HA-02021,fit
HA-02022,val
HA-02023,fit
HA-02024,fit
HA-02025,fit
HA-02026,test
HA-02027,val
HA-02028,fit
HA-02029,fit
HA-02030,test
HA-02031,fit
HA-02032,test
HA-02033,test
HA-02034,test
HA-02035,test
HA-02036,test
HA-02037,fit
HA-02038,fit
HA-02039,test
HA-02040,fit
HA-02041,fit
HA-02042,fit
HA-02043,fit
HA-02044,fit
HA-02045,fit
HA-02046,fit
HA-02047,test
HA-02048,test
HA-02049,test
HA-02050,fit
HA-02051,fit
HA-02052,fit
HA-02053,fit
HA-02054,fit
HA-02055,val
HA-02056,fit
HA-02057,test
HA-02058,val
HA-02059,test
HA-02060,fit
HA-02061,fit
HA-02062,fit
HA-02063,fit
HA-02064,val
HA-02065,test
HA-02066,val
HA-02067,test
HA-02068,fit
HA-02069,fit
HA-02070,test
HA-02071,fit
HA-02072,fit
HA-02073,test
HA-02074,fit
HA-02075,fit
HA-02076,fit
HA-02077,fit
HA-02078,val
HA-02079,test
HA-02080,test
HA-02081,test
HA-02082,fit
HA-02083,test
HA-02084,test
HA-02085,val
HA-02086,test
HA-02087,test
HA-02088,test
HA-02089,val
HA-02090,test
HA-02091,test
HA-02092,test
HA-02093,test
HA-02094,fit
HA-02095,fit
HA-02096,fit
HA-02097,fit
HA-02098,val
HA-02099,test
HA-02100,fit
HA-02101,test
HA-02102,fit
HA-02103,test
HA-02104,test
HA-02105,test
HA-02106,fit
HA-02107,test
HA-02108,test
HA-02109,test
HA-02110,fit
HA-02111,test
HA-02112,test
HA-02113,test
HA-02114,test
HA-02115,fit
HA-02116,fit
HA-02117,val
HA-02118,fit
HA-02119,fit
HA-02120,test
HA-02121,fit
HA-02122,test
HA-02123,test
HA-02124,test
HA-02125,test
HA-02126,fit
HA-02127,fit
HA-02128,test
HA-02129,test
HA-02130,test
HA-02131,test
HA-02132,test
HA-02133,fit
HA-02134,test
HA-02135,test
HA-02136,fit
HA-02137,val
HA-02138,test
HA-02139,test
HA-02140,test
HA-02141,test
HA-02142,val
HA-02143,fit
HA-02144,test
HA-02145,test
HA-02146,fit
HA-02147,test
HA-02148,test
HA-02149,val
HA-02150,test
HA-02151,val
HA-02152,test
HA-02153,val
HA-02154,test
HA-02155,test
HA-02156,val
HA-02157,test
HA-02158,val
HA-02159,val
HA-02160,test
HA-02161,test
HA-02162,test
HA-02163,test
HA-02164,test
HA-02165,fit
HA-02166,test
HA-02167,fit
HA-02168,test
HA-02169,test
HA-02170,fit
HA-02171,fit
HA-02172,fit
HA-02173,test
HA-02174,fit
HA-02175,fit
HA-02176,fit
HA-02177,test
HA-02178,fit
HA-02179,test
HA-02180,fit
HA-02181,test
HA-02182,fit
HA-02183,fit
HA-02184,val
HA-02185,test
HA-02186,fit
HA-02187,test
HA-02188,fit
HA-02189,val
HA-02190,test
HA-02191,fit
HA-02192,test
HA-02193,test
HA-02194,test
HA-02195,test
HA-02196,fit
HA-02197,test
HA-02198,fit
HA-02199,test
HA-02200,test
HA-02201,test
HA-02202,test
HA-02203,test
HA-02204,test
HA-02205,fit
HA-02206,val
HA-02207,test
HA-02208,fit
HA-02209,fit
HA-02210,test
HA-02211,fit
HA-02212,fit
HA-02213,test
HA-02214,test
HA-02215,fit
HA-02216,fit
HA-02217,test
HA-02218,fit
HA-02219,test
HA-02220,test
HA-02221,test
HA-02222,test
HA-02223,test
HA-02224,test
HA-02225,fit
HA-02226,test
HA-02227,fit
HA-02228,fit
HA-02229,val
HA-02230,test
HA-02231,fit
HA-02232,test
HA-02233,fit
HA-02234,test
HA-02235,fit
HA-02236,test
HA-02237,val
HA-02238,test
HA-02239,fit
HA-02240,fit
HA-02241,fit
HA-02242,fit
HA-02243,fit
HA-02244,test
HA-02245,test
HA-02246,test
HA-02247,val
HA-02248,val
HA-02249,val
HA-02250,test
HA-02251,fit
HA-02252,fit
HA-02253,test
HA-02254,test
HA-02255,fit
HA-02256,val
HA-02257,test
HA-02258,test
HA-02259,val
HA-02260,test
HA-02261,fit
HA-02262,test
HA-02263,fit
HA-02264,fit
HA-02265,fit
HA-02266,test
HA-02267,test
HA-02268,test
HA-02269,fit
HA-02270,test
HA-02271,fit
HA-02272,test
HA-02273,test
HA-02274,test
HA-02275,test
HA-02276,fit
HA-02277,val
HA-02278,fit
HA-02279,test
HA-02280,test
HA-02281,test
HA-02282,val
HA-02283,fit
HA-02284,fit
HA-02285,fit
HA-02286,test
HA-02287,fit
HA-02288,test
HA-02289,fit
HA-02290,test
HA-02291,fit
HA-02292,fit
HA-02293,test
HA-02294,fit
HA-02295,fit
HA-02296,fit
HA-02297,fit
HA-02298,test
HA-02299,test
HA-02300,test
HA-02301,fit
HA-02302,fit
HA-02303,fit
HA-02304,fit
HA-02305,test
HA-02306,test
HA-02307,test
HA-02308,fit
HA-02309,fit
HA-02310,test
HA-02311,test
HA-02312,val
HA-02313,fit
HA-02314,fit
HA-02315,test
HA-02316,fit
HA-02317,test
HA-02318,fit
HA-02319,test
HA-02320,test
HA-02321,fit
HA-02322,test
HA-02323,test
HA-02324,val
HA-02325,test
HA-02326,fit
HA-02327,fit
HA-02328,fit
HA-02329,fit
HA-02330,test
HA-02331,test
HA-02332,test
HA-02333,test
HA-02334,test
HA-02335,fit
HA-02336,fit
HA-02337,fit
HA-02338,val
HA-02339,fit
HA-02340,fit
HA-02341,fit
HA-02342,fit
HA-02343,fit
HA-02344,test
HA-02345,fit
HA-02346,fit
HA-02347,test
HA-02348,fit
HA-02349,fit
HA-02350,test
HA-02351,fit
HA-02352,test
HA-02353,fit
HA-02354,test
HA-02355,test
HA-02356,fit
HA-02357,fit
HA-02358,fit
HA-02359,fit
HA-02360,test
HA-02361,test
HA-02362,test
HA-02363,test
HA-02364,val
HA-02365,test
HA-02366,val
HA-02367,fit
HA-02368,fit
HA-02369,test
HA-02370,fit
HA-02371,test
HA-02372,fit
HA-02373,test
HA-02374,test
HA-02375,test
HA-02376,test
HA-02377,fit
HA-02378,test
HA-02379,test
HA-02380,test
HA-02381,test
HA-02382,test
HA-02383,test
HA-02384,fit
HA-02385,test
HA-02386,test
HA-02387,val
HA-02388,fit
HA-02389,test
HA-02390,test
HA-02391,test
HA-02392,test
HA-02393,test
HA-02394,test
HA-02395,test
HA-02396,test
HA-02397,test
HA-02398,fit
HA-02399,test
HA-02400,test
HA-02401,test
HA-02402,fit
HA-02403,test
HA-02404,fit
HA-02405,test
HA-02406,fit
HA-02407,val
HA-02408,test
HA-02409,test
HA-02410,val
HA-02411,test
HA-02412,test
HA-02413,fit
HA-02414,fit
HA-02415,fit
HA-02416,fit
HA-02417,test
HA-02418,test
HA-02419,fit
HA-02420,test
HA-02421,test
HA-02422,test
HA-02423,val
HA-02424,test
HA-02425,test
HA-02426,fit
HA-02427,test
HA-02428,fit
HA-02429,test
HA-02430,fit
HA-02431,test
HA-02432,test
HA-02433,test
HA-02434,test
HA-02435,test
HA-02436,fit
HA-02437,test
HA-02438,val
HA-02439,fit
HA-02440,fit
HA-02441,test
HA-02442,test
HA-02443,fit
HA-02444,test
HA-02445,test
HA-02446,test
HA-02447,fit
HA-02448,fit
HA-02449,fit
HA-02450,fit
HA-02451,test
HA-02452,test
HA-02453,test
HA-02454,fit
HA-02455,val
HA-02456,test
HA-02457,fit
HA-02458,test
HA-02459,test
HA-02460,fit
HA-02461,fit
HA-02462,test
HA-02463,fit
HA-02464,test
HA-02465,fit
HA-02466,test
HA-02467,fit
HA-02468,test
HA-02469,fit
HA-02470,test
HA-02471,test
HA-02472,fit
HA-02473,fit
HA-02474,fit
HA-02475,test
HA-02476,test
HA-02477,fit
HA-02478,test
HA-02479,fit
HA-02480,test
HA-02481,test
HA-02482,test
HA-02483,test
HA-02484,fit
HA-02485,fit
HA-02486,test
HA-02487,val
HA-02488,fit
HA-02489,fit
HA-02490,test
HA-02491,test
HA-02492,fit
HA-02493,val
HA-02494,fit
HA-02495,test
HA-02496,val
HA-02497,test
HA-02498,test
HA-02499,fit
HA-02500,val
HA-02501,test
HA-02502,test
HA-02503,test
HA-02504,test
HA-02505,test
HA-02506,fit
HA-02507,fit
HA-02508,test
HA-02509,fit
HA-02510,test
HA-02511,test
HA-02512,test
HA-02513,fit
HA-02514,test
HA-02515,test
HA-02516,fit
HA-02517,fit
HA-02518,test
HA-02519,val
HA-02520,fit
HA-02521,test
HA-02522,test
HA-02523,test
HA-02524,test
HA-02525,val
HA-02526,test
HA-02527,test
HA-02528,test
HA-02529,test
HA-02530,fit
HA-02531,fit
HA-02532,fit
HA-02533,test
HA-02534,test
HA-02535,fit
HA-02536,test
HA-02537,test
HA-02538,fit
HA-02539,test
HA-02540,val
HA-02541,test
HA-02542,fit
HA-02543,test
HA-02544,test
HA-02545,val
HA-02546,fit
HA-02547,val
HA-02548,test
HA-02549,fit
HA-02550,fit
HA-02551,fit
HA-02552,test
HA-02553,test
HA-02554,fit
HA-02555,fit
HA-02556,fit
HA-02557,test
HA-02558,test
HA-02559,test
HA-02560,fit
HA-02561,val
HA-02562,val
HA-02563,fit
HA-02564,fit
HA-02565,test
HA-02566,test
HA-02567,test
HA-02568,fit
HA-02569,test
HA-02570,fit
HA-02571,fit
HA-02572,fit
HA-02573,fit
HA-02574,fit
HA-02575,test
HA-02576,fit
HA-02577,fit
HA-02578,fit
HA-02579,fit
HA-02580,fit
HA-02581,test
HA-02582,fit
HA-02583,test
HA-02584,test
HA-02585,test
HA-02586,test
HA-02587,test
HA-02588,fit
HA-02589,fit
HA-02590,test
HA-02591,fit
HA-02592,fit
HA-02593,test
HA-02594,test
HA-02595,test
HA-02596,test
HA-02597,test
HA-02598,test
HA-02599,fit
HA-02600,test
HA-02601,test
HA-02602,test
HA-02603,val
HA-02604,fit
HA-02605,test
HA-02606,fit
HA-02607,test
HA-02608,val
HA-02609,fit
HA-02610,test
HA-02611,val
HA-02612,fit
HA-02613,test
HA-02614,fit
HA-02615,test
HA-02616,test
HA-02617,test
HA-02618,val
HA-02619,fit
HA-02620,fit
HA-02621,test
HA-02622,test
HA-02623,test
HA-02624,fit
HA-02625,test
HA-02626,fit
HA-02627,fit
HA-02628,fit
HA-02629,test
HA-02630,test
HA-02631,test
HA-02632,fit
HA-02633,test
HA-02634,val
HA-02635,fit
HA-02636,test
HA-02637,test
HA-02638,test
HA-02639,fit
HA-02640,val
HA-02641,fit
HA-02642,test
HA-02643,test
HA-02644,test
HA-02645,test
HA-02646,test
HA-02647,test
HA-02648,test
HA-02649,test
HA-02650,test
HA-02651,fit
HA-02652,val
HA-02653,test
HA-02654,fit
HA-02655,val
HA-02656,test
HA-02657,test
HA-02658,test
HA-02659,fit
HA-02660,fit
HA-02661,fit
HA-02662,fit
HA-02663,test
HA-02664,test
HA-02665,fit
HA-02666,test
HA-02667,test
HA-02668,test
HA-02669,fit
HA-02670,fit
HA-02671,test
HA-02672,test
HA-02673,test
HA-02674,fit
HA-02675,test
HA-02676,fit
HA-02677,test
HA-02678,test
HA-02679,test
HA-02680,fit
HA-02681,fit
HA-02682,test
HA-02683,val
HA-02684,fit
HA-02685,fit
HA-02686,fit
HA-02687,test
HA-02688,fit
HA-02689,test
HA-02690,test
HA-02691,test
HA-02692,fit
HA-02693,fit
HA-02694,val
HA-02695,test
HA-02696,test
HA-02697,fit
HA-02698,test
HA-02699,fit
HA-02700,test
HA-02701,test
HA-02702,fit
HA-02703,test
HA-02704,test
HA-02705,test
HA-02706,fit
HA-02707,test
HA-02708,fit
HA-02709,fit
HA-02710,fit
HA-02711,test
HA-02712,fit
HA-02713,fit
HA-02714,val
HA-02715,test
HA-02716,fit
HA-02717,fit
HA-02718,test
HA-02719,test
HA-02720,fit
HA-02721,fit
HA-02722,fit
HA-02723,test
HA-02724,val
HA-02725,fit
HA-02726,test
HA-02727,test
HA-02728,test
HA-02729,fit
HA-02730,test
HA-02731,fit
HA-02732,test
HA-02733,fit
HA-02734,test
HA-02735,fit
HA-02736,fit
HA-02737,test
HA-02738,fit
HA-02739,test
HA-02740,fit
HA-02741,fit
HA-02742,fit
HA-02743,test
HA-02744,fit
HA-02745,fit
HA-02746,val
HA-02747,test
HA-02748,val
HA-02749,val
HA-02750,val
HA-02751,fit
HA-02752,test
HA-02753,fit
HA-02754,test
HA-02755,fit
HA-02756,fit
HA-02757,fit
HA-02758,fit
HA-02759,test
HA-02760,test
HA-02761,test
HA-02762,fit
HA-02763,test
HA-02764,fit
HA-02765,test
HA-02766,fit
HA-02767,test
HA-02768,fit
HA-02769,test
HA-02770,fit
HA-02771,test
HA-02772,test
HA-02773,fit
HA-02774,test
HA-02775,val
HA-02776,test
HA-02777,test
HA-02778,fit
HA-02779,test
HA-02780,test
HA-02781,test
HA-02782,fit
HA-02783,test
HA-02784,fit
HA-02785,test
HA-02786,fit
HA-02787,test
HA-02788,val
HA-02789,test
HA-02790,test
HA-02791,test
HA-02792,val
HA-02793,fit
HA-02794,test
HA-02795,fit
HA-02796,fit
HA-02797,test
HA-02798,test
HA-02799,fit
HA-02800,test
HA-02801,fit
HA-02802,val
HA-02803,test
HA-02804,fit
HA-02805,fit
HA-02806,test
HA-02807,fit
HA-02808,test
HA-02809,test
HA-02810,fit
HA-02811,test
HA-02812,fit
HA-02813,fit
HA-02814,fit
HA-02815,test
HA-02816,fit
HA-02817,fit
HA-02818,test
HA-02819,val
HA-02820,test
HA-02821,test
HA-02822,test
HA-02823,test
HA-02824,test
HA-02825,fit
HA-02826,test
HA-02827,val
HA-02828,test
HA-02829,fit
HA-02830,fit
HA-02831,test
HA-02832,test
HA-02833,test
HA-02834,test
HA-02835,test
HA-02836,fit
HA-02837,test
HA-02838,test
HA-02839,fit
HA-02840,fit
HA-02841,fit
HA-02842,test
HA-02843,test
HA-02844,test
HA-02845,test
HA-02846,test
HA-02847,test
HA-02848,test
HA-02849,test
HA-02850,fit
HA-02851,test
HA-02852,fit
HA-02853,fit
HA-02854,val
HA-02855,fit
HA-02856,test
HA-02857,fit
HA-02858,test
HA-02859,test
HA-02860,test
HA-02861,test
HA-02862,fit
HA-02863,val
HA-02864,test
HA-02865,fit
HA-02866,fit
HA-02867,test
HA-02868,test
HA-02869,fit
HA-02870,fit
HA-02871,fit
HA-02872,test
HA-02873,fit
HA-02874,fit
HA-02875,fit
HA-02876,fit
HA-02877,fit
HA-02878,fit
HA-02879,test
HA-02880,val
HA-02881,fit
HA-02882,fit
HA-02883,fit
HA-02884,test
HA-02885,fit
HA-02886,test
HA-02887,test
HA-02888,fit
HA-02889,test
HA-02890,test
HA-02891,test
HA-02892,test
HA-02893,test
HA-02894,test
HA-02895,fit
HA-02896,fit
HA-02897,fit
HA-02898,fit
HA-02899,fit
HA-02900,test
HA-02901,test
HA-02902,fit
HA-02903,test
HA-02904,fit
HA-02905,fit
HA-02906,fit
HA-02907,val
HA-02908,fit
HA-02909,test
HA-02910,test
HA-02911,fit
HA-02912,fit
HA-02913,fit
HA-02914,test
HA-02915,test
HA-02916,fit
HA-02917,fit
HA-02918,val
HA-02919,test
HA-02920,fit
HA-02921,test
HA-02922,test
HA-02923,test
HA-02924,test
HA-02925,fit
HA-02926,val
HA-02927,val
HA-02928,test
HA-02929,test
HA-02930,test
HA-02931,test
HA-02932,test
HA-02933,test
HA-02934,fit
HA-02935,test
HA-02936,test
HA-02937,test
HA-02938,fit
HA-02939,fit
HA-02940,val
HA-02941,test
HA-02942,fit
HA-02943,test
HA-02944,fit
HA-02945,fit
HA-02946,test
HA-02947,val
HA-02948,test
HA-02949,fit
HA-02950,fit
HA-02951,val
HA-02952,fit
HA-02953,val
HA-02954,fit
HA-02955,fit
HA-02956,test
HA-02957,test
HA-02958,test
HA-02959,test
HA-02960,fit
HA-02961,fit
HA-02962,test
HA-02963,test
HA-02964,test
HA-02965,val
HA-02966,test
HA-02967,test
HA-02968,test
HA-02969,fit
HA-02970,test
HA-02971,fit
HA-02972,fit
HA-02973,fit
HA-02974,test
HA-02975,fit
HA-02976,test
HA-02977,test
HA-02978,test
HA-02979,fit
HA-02980,test
HA-02981,test
HA-02982,fit
HA-02983,test
HA-02984,fit
HA-02985,test
HA-02986,test
HA-02987,test
HA-02988,fit
HA-02989,val
HA-02990,test
HA-02991,fit
HA-02992,fit
HA-02993,test
HA-02994,test
HA-02995,test
HA-02996,test
HA-02997,test
HA-02998,test
HA-02999,test
HA-03000,test
HB-00001,test
HB-00002,test
HB-00003,fit
HB-00004,fit
HB-00005,fit
HB-00006,val
HB-00007,test
HB-00008,fit
HB-00009,val
HB-00010,test
HB-00011,fit
HB-00012,test
HB-00013,test
HB-00014,fit
HB-00015,test
HB-00016,test
HB-00017,fit
HB-00018,fit
HB-00019,fit
HB-00020,val
HB-00021,fit
HB-00022,test
HB-00023,val
HB-00024,val
HB-00025,test
HB-00026,test
HB-00027,test
HB-00028,test
HB-00029,val
HB-00030,fit
HB-00031,test
HB-00032,test
HB-00033,test
HB-00034,test
HB-00035,fit
HB-00036,test
HB-00037,val
HB-00038,test
HB-00039,test
HB-00040,test
HB-00041,test
HB-00042,test
HB-00043,fit
HB-00044,test
HB-00045,test
HB-00046,val
HB-00047,test
HB-00048,test
HB-00049,fit
HB-00050,test
HB-00051,test
HB-00052,test
HB-00053,test
HB-00054,test
HB-00055,fit
HB-00056,test
HB-00057,val
HB-00058,test
HB-00059,fit
HB-00060,fit
HB-00061,test
HB-00062,test
HB-00063,fit
HB-00064,test
HB-00065,fit
HB-00066,test
HB-00067,test
HB-00068,fit
HB-00069,fit
HB-00070,val
HB-00071,val
HB-00072,test
HB-00073,val
HB-00074,fit
HB-00075,fit
HB-00076,test
HB-00077,test
HB-00078,test
HB-00079,fit
HB-00080,test
HB-00081,test
HB-00082,fit
HB-00083,test
HB-00084,test
HB-00085,test
HB-00086,test
HB-00087,val
HB-00088,test
HB-00089,fit
HB-00090,test
HB-00091,test
HB-00092,fit
HB-00093,fit
HB-00094,fit
HB-00095,test
HB-00096,test
HB-00097,fit
HB-00098,fit
HB-00099,fit
HB-00100,val
HB-00101,test
HB-00102,test
HB-00103,test
HB-00104,test
HB-00105,fit
HB-00106,fit
HB-00107,test
HB-00108,test
HB-00109,fit
HB-00110,val
HB-00111,test
HB-00112,fit
HB-00113,test
HB-00114,fit
HB-00115,fit
HB-00116,fit
HB-00117,test
HB-00118,fit
HB-00119,fit
HB-00120,test
HB-00121,test
HB-00122,val
HB-00123,fit
HB-00124,test
HB-00125,test
HB-00126,fit
HB-00127,val
HB-00128,val
HB-00129,fit
HB-00130,test
HB-00131,val
HB-00132,fit
HB-00133,test
HB-00134,test
HB-00135,test
HB-00136,fit
HB-00137,test
HB-00138,fit
HB-00139,test
HB-00140,fit
HB-00141,fit
HB-00142,test
HB-00143,test
HB-00144,fit
HB-00145,test
HB-00146,test
HB-00147,val
HB-00148,fit
HB-00149,fit
HB-00150,fit
HB-00151,fit
HB-00152,val
HB-00153,fit
HB-00154,fit
HB-00155,fit
HB-00156,test
HB-00157,test
HB-00158,fit
HB-00159,test
HB-00160,fit
HB-00161,fit
HB-00162,test
HB-00163,val
HB-00164,test
HB-00165,test
HB-00166,fit
HB-00167,test
HB-00168,test
HB-00169,val
HB-00170,fit
HB-00171,test
HB-00172,fit
HB-00173,fit
HB-00174,test
HB-00175,val
HB-00176,fit
HB-00177,fit
HB-00178,test
HB-00179,fit
HB-00180,test
HB-00181,fit
HB-00182,val
HB-00183,test
HB-00184,test
HB-00185,fit
HB-00186,fit
HB-00187,test
HB-00188,test
HB-00189,fit
HB-00190,val
HB-00191,test
HB-00192,fit
HB-00193,test
HB-00194,fit
HB-00195,fit
HB-00196,fit
HB-00197,fit
HB-00198,test
HB-00199,test
HB-00200,val
HB-00201,test
HB-00202,fit
HB-00203,test
HB-00204,fit
HB-00205,fit
HB-00206,fit
HB-00207,test
HB-00208,fit
HB-00209,fit
HB-00210,fit
HB-00211,val
HB-00212,fit
HB-00213,fit
HB-00214,fit
HB-00215,fit
HB-00216,fit
HB-00217,test
HB-00218,test
HB-00219,val
HB-00220,fit
HB-00221,test
HB-00222,fit
HB-00223,fit
HB-00224,fit
HB-00225,test
HB-00226,test
HB-00227,test
HB-00228,test
HB-00229,fit
HB-00230,test
HB-00231,fit
HB-00232,val
HB-00233,val
HB-00234,fit
HB-00235,test
HB-00236,fit
HB-00237,fit
HB-00238,fit
HB-00239,test
HB-00240,test
HB-00241,test
HB-00242,fit
HB-00243,fit
HB-00244,val
HB-00245,test
HB-00246,test
HB-00247,test
HB-00248,val
HB-00249,fit
HB-00250,test
HB-00251,fit
HB-00252,test
HB-00253,test
HB-00254,fit
HB-00255,test
HB-00256,test
HB-00257,fit
HB-00258,val
HB-00259,test
HB-00260,fit
HB-00261,fit
HB-00262,val
HB-00263,test
HB-00264,fit
HB-00265,test
HB-00266,test
HB-00267,test
HB-00268,test
HB-00269,test
HB-00270,fit
HB-00271,test
HB-00272,fit
HB-00273,test
HB-00274,test
HB-00275,test
HB-00276,test
HB-00277,test
HB-00278,test
HB-00279,fit
HB-00280,test
HB-00281,fit
HB-00282,test
HB-00283,test
HB-00284,test
HB-00285,fit
HB-00286,fit
HB-00287,test
HB-00288,test
HB-00289,test
HB-00290,test
HB-00291,fit
HB-00292,fit
HB-00293,fit
HB-00294,test
HB-00295,fit
HB-00296,test
HB-00297,test
HB-00298,fit
HB-00299,test
HB-00300,test
HB-00301,fit
HB-00302,fit
HB-00303,test
HB-00304,test
HB-00305,fit
HB-00306,fit
HB-00307,fit
HB-00308,test
HB-00309,test
HB-00310,fit
HB-00311,val
HB-00312,fit
HB-00313,test
HB-00314,val
HB-00315,test
HB-00316,test
HB-00317,test
HB-00318,test
HB-00319,test
HB-00320,fit
HB-00321,fit
HB-00322,test
HB-00323,fit
HB-00324,test
HB-00325,fit
HB-00326,test
HB-00327,fit
HB-00328,fit
HB-00329,test
HB-00330,test
HB-00331,val
HB-00332,test
HB-00333,test
HB-00334,test
HB-00335,test
HB-00336,fit
HB-00337,test
HB-00338,val
HB-00339,val
HB-00340,test
HB-00341,val
HB-00342,fit
HB-00343,test
HB-00344,test
HB-00345,val
HB-00346,val
HB-00347,test
HB-00348,val
HB-00349,fit
HB-00350,fit
HB-00351,fit
HB-00352,fit
HB-00353,test
HB-00354,fit
HB-00355,fit
HB-00356,val
HB-00357,test
HB-00358,test
HB-00359,test
HB-00360,fit
HB-00361,test
HB-00362,fit
HB-00363,test
HB-00364,fit
HB-00365,fit
HB-00366,fit
HB-00367,fit
HB-00368,fit
HB-00369,fit
HB-00370,test
HB-00371,test
HB-00372,test
HB-00373,test
HB-00374,val
HB-00375,fit
HB-00376,val
HB-00377,fit
HB-00378,test
HB-00379,test
HB-00380,test
HB-00381,test
HB-00382,test
HB-00383,val
HB-00384,test
HB-00385,fit
HB-00386,val
HB-00387,test
HB-00388,test
HB-00389,val
HB-00390,test
HB-00391,fit
HB-00392,test
HB-00393,fit
HB-00394,fit
HB-00395,test
HB-00396,val
HB-00397,fit
HB-00398,fit
HB-00399,test
HB-00400,fit
HB-00401,fit
HB-00402,fit
HB-00403,test
HB-00404,fit
HB-00405,val
HB-00406,test
HB-00407,test
HB-00408,fit
HB-00409,test
HB-00410,fit
HB-00411,val
HB-00412,test
HB-00413,test
HB-00414,test
HB-00415,test
HB-00416,fit
HB-00417,test
HB-00418,test
HB-00419,test
HB-00420,fit
HB-00421,fit
HB-00422,test
HB-00423,fit
HB-00424,fit
HB-00425,fit
HB-00426,fit
HB-00427,test
HB-00428,test
HB-00429,fit
HB-00430,fit
HB-00431,test
HB-00432,fit
HB-00433,test
HB-00434,test
HB-00435,test
HB-00436,val
HB-00437,fit
HB-00438,test
HB-00439,test
HB-00440,test
HB-00441,fit
HB-00442,test
HB-00443,fit
HB-00444,fit
HB-00445,test
HB-00446,fit
HB-00447,test
HB-00448,val
HB-00449,test
HB-00450,val
HB-00451,fit
HB-00452,fit
HB-00453,test
HB-00454,test
HB-00455,fit
HB-00456,fit
HB-00457,fit
HB-00458,fit
HB-00459,test
HB-00460,test
HB-00461,fit
HB-00462,test
HB-00463,test
HB-00464,fit
HB-00465,test
HB-00466,test
HB-00467,fit
HB-00468,fit
HB-00469,fit
HB-00470,test
HB-00471,test
HB-00472,test
HB-00473,test
HB-00474,test
HB-00475,fit
HB-00476,fit
HB-00477,fit
HB-00478,val
HB-00479,val
HB-00480,test
HB-00481,test
HB-00482,test
HB-00483,test
HB-00484,val
HB-00485,fit
HB-00486,fit
HB-00487,fit
HB-00488,test
HB-00489,test
HB-00490,fit
HB-00491,fit
HB-00492,fit
HB-00493,fit
HB-00494,test
HB-00495,fit
HB-00496,test
HB-00497,test
HB-00498,fit
HB-00499,fit
HB-00500,fit
HB-00501,test
HB-00502,test
HB-00503,test
HB-00504,test
HB-00505,test
HB-00506,test
HB-00507,test
HB-00508,test
HB-00509,test
HB-00510,test
HB-00511,fit
HB-00512,test
HB-00513,fit
HB-00514,test
HB-00515,fit
HB-00516,fit
HB-00517,test
HB-00518,val
HB-00519,fit
HB-00520,test
HB-00521,test
HB-00522,test
HB-00523,test
HB-00524,fit
HB-00525,fit
HB-00526,test
HB-00527,val
HB-00528,test
HB-00529,fit
HB-00530,fit
HB-00531,fit
HB-00532,test
HB-00533,test
HB-00534,test
HB-00535,val
HB-00536,fit
HB-00537,fit
HB-00538,val
HB-00539,test
HB-00540,fit
HB-00541,fit
HB-00542,fit
HB-00543,val
HB-00544,fit
HB-00545,test
HB-00546,test
HB-00547,fit
HB-00548,test
HB-00549,fit
HB-00550,test
HB-00551,fit
HB-00552,test
HB-00553,test
HB-00554,test
HB-00555,fit
HB-00556,test
HB-00557,test
HB-00558,test
HB-00559,test
HB-00560,fit
HB-00561,fit
HB-00562,val
HB-00563,val
HB-00564,test
HB-00565,fit
HB-00566,fit
HB-00567,val
HB-00568,test
HB-00569,val
HB-00570,test
HB-00571,test
HB-00572,fit
HB-00573,test
HB-00574,fit
HB-00575,fit
HB-00576,test
HB-00577,fit
HB-00578,test
HB-00579,val
HB-00580,fit
HB-00581,fit
HB-00582,fit
HB-00583,val
HB-00584,test
HB-00585,fit
HB-00586,test
HB-00587,test
HB-00588,fit
HB-00589,fit
HB-00590,test
HB-00591,fit
HB-00592,fit
HB-00593,test
HB-00594,fit
HB-00595,fit
HB-00596,test
HB-00597,test
HB-00598,test
HB-00599,test
HB-00600,fit
HB-00601,test
HB-00602,test
HB-00603,test
HB-00604,test
HB-00605,fit
HB-00606,test
HB-00607,test
HB-00608,test
HB-00609,fit
HB-00610,val
HB-00611,test
HB-00612,test
HB-00613,fit
HB-00614,fit
HB-00615,test
HB-00616,fit
HB-00617,fit
HB-00618,fit
HB-00619,test
HB-00620,test
HB-00621,fit
HB-00622,val
HB-00623,fit
HB-00624,fit
HB-00625,fit
HB-00626,fit
HB-00627,test
HB-00628,fit
HB-00629,test
HB-00630,test
HB-00631,fit
HB-00632,fit
HB-00633,fit
HB-00634,fit
HB-00635,fit
HB-00636,test
HB-00637,fit
HB-00638,fit
HB-00639,fit
HB-00640,test
HB-00641,test
HB-00642,fit
HB-00643,test
HB-00644,fit
HB-00645,test
HB-00646,test
HB-00647,fit
HB-00648,test
HB-00649,fit
HB-00650,fit
HB-00651,test
HB-00652,test
HB-00653,fit
HB-00654,test
HB-00655,test
HB-00656,test
HB-00657,test
HB-00658,fit
HB-00659,fit
HB-00660,test
HB-00661,val
HB-00662,test
HB-00663,test
HB-00664,test
HB-00665,fit
HB-00666,fit
HB-00667,test
HB-00668,val
HB-00669,test
HB-00670,test
HB-00671,test
HB-00672,fit
HB-00673,test
HB-00674,fit
HB-00675,test
HB-00676,test
HB-00677,fit
HB-00678,fit
HB-00679,fit
HB-00680,fit
HB-00681,test
HB-00682,test
HB-00683,test
HB-00684,test
HB-00685,test
HB-00686,fit
HB-00687,test
HB-00688,fit
HB-00689,fit
HB-00690,test
HB-00691,fit
HB-00692,fit
HB-00693,test
HB-00694,fit
HB-00695,test
HB-00696,fit
HB-00697,test
HB-00698,val
HB-00699,test
HB-00700,fit
HB-00701,val
HB-00702,fit
HB-00703,fit
HB-00704,fit
HB-00705,test
HB-00706,fit
HB-00707,test
HB-00708,val
HB-00709,test
HB-00710,test
HB-00711,val
HB-00712,test
HB-00713,fit
HB-00714,test
HB-00715,test
HB-00716,fit
HB-00717,test
HB-00718,test
HB-00719,fit
HB-00720,test
HB-00721,fit
HB-00722,fit
HB-00723,test
HB-00724,test
HB-00725,val
HB-00726,val
HB-00727,test
HB-00728,fit
HB-00729,fit
HB-00730,fit
HB-00731,test
HB-00732,fit
HB-00733,test
HB-00734,fit
HB-00735,val
HB-00736,val
HB-00737,fit
HB-00738,test
HB-00739,test
HB-00740,fit
HB-00741,fit
HB-00742,test
HB-00743,test
HB-00744,test
HB-00745,fit
HB-00746,test
HB-00747,test
HB-00748,fit
HB-00749,test
HB-00750,test
HB-00751,val
HB-00752,test
HB-00753,fit
HB-00754,fit
HB-00755,test
HB-00756,fit
HB-00757,test
HB-00758,val
HB-00759,test
HB-00760,fit
HB-00761,test
HB-00762,test
HB-00763,fit
HB-00764,test
HB-00765,test
HB-00766,test
HB-00767,fit
HB-00768,fit
HB-00769,val
HB-00770,test
HB-00771,val
HB-00772,test
HB-00773,fit
HB-00774,test
HB-00775,fit
HB-00776,fit
HB-00777,test
HB-00778,fit
HB-00779,test
HB-00780,test
HB-00781,test
HB-00782,fit
HB-00783,fit
HB-00784,test
HB-00785,test
HB-00786,fit
HB-00787,fit
HB-00788,fit
HB-00789,test
HB-00790,fit
HB-00791,test
HB-00792,test
HB-00793,fit
HB-00794,test
HB-00795,val
HB-00796,test
HB-00797,fit
HB-00798,fit
HB-00799,test
HB-00800,test
HB-00801,fit
HB-00802,test
HB-00803,fit
HB-00804,test
HB-00805,test
HB-00806,test
HB-00807,fit
HB-00808,fit
HB-00809,fit
HB-00810,test
HB-00811,fit
HB-00812,test
HB-00813,fit
HB-00814,fit
HB-00815,fit
HB-00816,fit
HB-00817,test
HB-00818,test
HB-00819,test
HB-00820,test
HB-00821,fit
HB-00822,fit
HB-00823,test
HB-00824,test
HB-00825,fit
HB-00826,fit
HB-00827,test
HB-00828,test
HB-00829,fit
HB-00830,test
HB-00831,test
HB-00832,val
HB-00833,test
HB-00834,val
HB-00835,val
HB-00836,test
HB-00837,fit
HB-00838,val
HB-00839,fit
HB-00840,test
HB-00841,fit
HB-00842,val
HB-00843,test
HB-00844,fit
HB-00845,fit
HB-00846,fit
HB-00847,test
HB-00848,test
HB-00849,test
HB-00850,fit
HB-00851,test
HB-00852,fit
HB-00853,test
HB-00854,test
HB-00855,test
HB-00856,test
HB-00857,val
HB-00858,test
HB-00859,test
HB-00860,fit
HB-00861,fit
HB-00862,test
HB-00863,test
HB-00864,test
HB-00865,test
HB-00866,test
HB-00867,test
HB-00868,val
HB-00869,test
HB-00870,fit
HB-00871,test
HB-00872,fit
HB-00873,val
HB-00874,test
HB-00875,test
HB-00876,fit
HB-00877,fit
HB-00878,fit
HB-00879,test
HB-00880,test
HB-00881,test
HB-00882,test
HB-00883,test
HB-00884,test
HB-00885,test
HB-00886,test
HB-00887,fit
HB-00888,test
HB-00889,fit
HB-00890,fit
HB-00891,test
HB-00892,test
HB-00893,test
HB-00894,test
HB-00895,fit
HB-00896,test
HB-00897,fit
HB-00898,fit
HB-00899,test
HB-00900,test
HB-00901,fit
HB-00902,test
HB-00903,fit
HB-00904,test
HB-00905,test
HB-00906,fit
HB-00907,test
HB-00908,val
HB-00909,test
HB-00910,test
HB-00911,test
HB-00912,fit
HB-00913,fit
HB-00914,val
HB-00915,fit
HB-00916,test
HB-00917,fit
HB-00918,test
HB-00919,fit
HB-00920,fit
HB-00921,fit
HB-00922,test
HB-00923,fit
HB-00924,test
HB-00925,test
HB-00926,val
HB-00927,val
HB-00928,test
HB-00929,test
HB-00930,test
HB-00931,val
HB-00932,test
HB-00933,fit
HB-00934,test
HB-00935,fit
HB-00936,test
HB-00937,test
HB-00938,test
HB-00939,fit
HB-00940,fit
HB-00941,fit
HB-00942,test
HB-00943,test
HB-00944,test
HB-00945,test
HB-00946,fit
HB-00947,test
HB-00948,test
HB-00949,fit
HB-00950,test
HB-00951,fit
HB-00952,fit
HB-00953,fit
HB-00954,test
HB-00955,fit
HB-00956,fit
HB-00957,test
HB-00958,val
HB-00959,fit
HB-00960,fit
HB-00961,test
HB-00962,test
HB-00963,fit
HB-00964,test
HB-00965,test
HB-00966,fit
HB-00967,test
HB-00968,test
HB-00969,test
HB-00970,test
HB-00971,fit
HB-00972,fit
HB-00973,test
HB-00974,test
HB-00975,test
HB-00976,fit
HB-00977,fit
HB-00978,test
HB-00979,fit
HB-00980,fit
HB-00981,test
HB-00982,test
HB-00983,test
HB-00984,test
HB-00985,fit
HB-00986,fit
HB-00987,fit
HB-00988,fit
HB-00989,fit
HB-00990,fit
HB-00991,fit
HB-00992,test
HB-00993,fit
HB-00994,fit
HB-00995,test
HB-00996,val
HB-00997,test
HB-00998,fit
HB-00999,test
HB-01000,test
HB-01001,fit
HB-01002,fit
HB-01003,fit
HB-01004,fit
HB-01005,test
HB-01006,val
HB-01007,fit
HB-01008,fit
HB-01009,test
HB-01010,test
HB-01011,test
HB-01012,val
HB-01013,fit
HB-01014,fit
HB-01015,fit
HB-01016,test
HB-01017,test
HB-01018,test
HB-01019,fit
HB-01020,test
HB-01021,fit
HB-01022,fit
HB-01023,test
HB-01024,val
HB-01025,fit
HB-01026,fit
HB-01027,test
HB-01028,test
HB-01029,test
HB-01030,test
HB-01031,test
HB-01032,test
HB-01033,fit
HB-01034,fit
HB-01035,test
HB-01036,val
HB-01037,test
HB-01038,test
HB-01039,test
HB-01040,fit
HB-01041,test
HB-01042,fit
HB-01043,test
HB-01044,fit
HB-01045,test
HB-01046,fit
HB-01047,test
HB-01048,test
HB-01049,val
HB-01050,test
HB-01051,fit
HB-01052,test
HB-01053,test
HB-01054,test
HB-01055,test
HB-01056,test
HB-01057,test
HB-01058,fit
HB-01059,val
HB-01060,val
HB-01061,test
HB-01062,fit
HB-01063,fit
HB-01064,test
HB-01065,test
HB-01066,fit
HB-01067,val
HB-01068,fit
HB-01069,test
HB-01070,test
HB-01071,test
HB-01072,val
HB-01073,fit
HB-01074,fit
HB-01075,val
HB-01076,fit
HB-01077,test
HB-01078,fit
HB-01079,fit
HB-01080,fit
HB-01081,val
HB-01082,fit
HB-01083,fit
HB-01084,val
HB-01085,fit
HB-01086,test
HB-01087,fit
HB-01088,test
HB-01089,test
HB-01090,val
HB-01091,fit
HB-01092,fit
HB-01093,test
HB-01094,fit
HB-01095,test
HB-01096,val
HB-01097,test
HB-01098,test
HB-01099,test
HB-01100,fit
HB-01101,fit
HB-01102,test
HB-01103,test
HB-01104,val
HB-01105,test
HB-01106,test
HB-01107,fit
HB-01108,fit
HB-01109,test
HB-01110,val
HB-01111,fit
HB-01112,test
HB-01113,val
HB-01114,test
HB-01115,val
HB-01116,fit
HB-01117,fit
HB-01118,fit
HB-01119,test
HB-01120,test
HB-01121,test
HB-01122,val
HB-01123,test
HB-01124,test
HB-01125,test
HB-01126,test
HB-01127,fit
HB-01128,fit
HB-01129,test
HB-01130,test
HB-01131,test
HB-01132,fit
HB-01133,val
HB-01134,fit
HB-01135,fit
HB-01136,fit
HB-01137,fit
HB-01138,test
HB-01139,test
HB-01140,fit
HB-01141,fit
HB-01142,test
HB-01143,test
HB-01144,test
HB-01145,fit
HB-01146,test
HB-01147,test
HB-01148,fit
HB-01149,fit
HB-01150,test
HB-01151,val
HB-01152,test
HB-01153,val
HB-01154,test
HB-01155,val
HB-01156,fit
HB-01157,fit
HB-01158,test
HB-01159,fit
HB-01160,test
HB-01161,val
HB-01162,val
HB-01163,fit
HB-01164,test
HB-01165,test
HB-01166,fit
HB-01167,fit
HB-01168,test
HB-01169,fit
HB-01170,test
HB-01171,fit
HB-01172,test
HB-01173,fit
HB-01174,test
HB-01175,test
HB-01176,fit
HB-01177,fit
HB-01178,test
HB-01179,val
HB-01180,test
HB-01181,fit
HB-01182,test
HB-01183,test
HB-01184,test
HB-01185,fit
HB-01186,test
HB-01187,val
HB-01188,test
HB-01189,fit
HB-01190,test
HB-01191,fit
HB-01192,val
HB-01193,test
HB-01194,fit
HB-01195,test
HB-01196,test
HB-01197,fit
HB-01198,test
HB-01199,fit
HB-01200,test
HB-01201,val
HB-01202,test
HB-01203,test
HB-01204,fit
HB-01205,test
HB-01206,fit
HB-01207,fit
HB-01208,val
HB-01209,test
HB-01210,fit
HB-01211,test
HB-01212,test
HB-01213,test
HB-01214,fit
HB-01215,test
HB-01216,fit
HB-01217,test
HB-01218,fit
HB-01219,test
HB-01220,fit
HB-01221,fit
HB-01222,fit
HB-01223,fit
HB-01224,test
HB-01225,test
HB-01226,val
HB-01227,test
HB-01228,val
HB-01229,fit
HB-01230,test
HB-01231,test
HB-01232,test
HB-01233,test
HB-01234,fit
HB-01235,test
HB-01236,fit
HB-01237,test
HB-01238,fit
HB-01239,fit
HB-01240,fit
HB-01241,fit
HB-01242,test
HB-01243,test
HB-01244,val
HB-01245,test
HB-01246,fit
HB-01247,fit
HB-01248,test
HB-01249,fit
HB-01250,val
HB-01251,fit
HB-01252,test
HB-01253,test
HB-01254,fit
HB-01255,fit
HB-01256,fit
HB-01257,test
HB-01258,test
HB-01259,fit
HB-01260,fit
HB-01261,val
HB-01262,test
HB-01263,fit
HB-01264,test
HB-01265,test
HB-01266,test
HB-01267,fit
HB-01268,test
HB-01269,fit
HB-01270,test
HB-01271,test
HB-01272,fit
HB-01273,test
HB-01274,test
HB-01275,test
HB-01276,test
HB-01277,fit
HB-01278,fit
HB-01279,fit
HB-01280,val
HB-01281,test
HB-01282,test
HB-01283,test
HB-01284,fit
HB-01285,val
HB-01286,test
HB-01287,fit
HB-01288,val
HB-01289,test
HB-01290,fit
HB-01291,test
HB-01292,fit
HB-01293,fit
HB-01294,fit
HB-01295,test
HB-01296,val
HB-01297,test
HB-01298,test
HB-01299,test
HB-01300,fit
HB-01301,test
HB-01302,test
HB-01303,fit
HB-01304,test
HB-01305,test
HB-01306,val
HB-01307,fit
HB-01308,test
HB-01309,test
HB-01310,fit
HB-01311,fit
HB-01312,fit
HB-01313,test
HB-01314,test
HB-01315,fit
HB-01316,fit
HB-01317,test
HB-01318,test
HB-01319,fit
HB-01320,fit
HB-01321,test
HB-01322,test
HB-01323,test
HB-01324,val
HB-01325,test
HB-01326,test
HB-01327,fit
HB-01328,test
HB-01329,test
HB-01330,test
HB-01331,test
HB-01332,test
HB-01333,fit
HB-01334,fit
HB-01335,test
HB-01336,test
HB-01337,test
HB-01338,fit
HB-01339,test
HB-01340,fit
HB-01341,val
HB-01342,fit
HB-01343,test
HB-01344,fit
HB-01345,test
HB-01346,fit
HB-01347,fit
HB-01348,test
HB-01349,test
HB-01350,test
HB-01351,test
HB-01352,fit
HB-01353,test
HB-01354,val
HB-01355,test
HB-01356,test
HB-01357,fit
HB-01358,fit
HB-01359,fit
HB-01360,test
HB-01361,fit
HB-01362,val
HB-01363,fit
HB-01364,test
HB-01365,fit
HB-01366,fit
HB-01367,val
HB-01368,test
HB-01369,fit
HB-01370,test
HB-01371,val
HB-01372,fit
HB-01373,val
HB-01374,val
HB-01375,test
HB-01376,test
HB-01377,test
HB-01378,fit
HB-01379,fit
HB-01380,fit
HB-01381,test
HB-01382,test
HB-01383,test
HB-01384,test
HB-01385,val
HB-01386,test
HB-01387,fit
HB-01388,test
HB-01389,fit
HB-01390,test
HB-01391,test
HB-01392,test
HB-01393,test
HB-01394,test
HB-01395,fit
HB-01396,fit
HB-01397,fit
HB-01398,val
HB-01399,test
HB-01400,test
HB-01401,fit
HB-01402,fit
HB-01403,fit
HB-01404,test
HB-01405,fit
HB-01406,fit
HB-01407,fit
HB-01408,val
HB-01409,fit
HB-01410,test
HB-01411,test
HB-01412,test
HB-01413,fit
HB-01414,fit
HB-01415,fit
HB-01416,fit
HB-01417,test
HB-01418,fit
HB-01419,test
HB-01420,test
HB-01421,test
HB-01422,test
HB-01423,test
HB-01424,fit
HB-01425,test
HB-01426,test
HB-01427,test
HB-01428,val
HB-01429,fit
HB-01430,test
HB-01431,fit
HB-01432,test
HB-01433,fit
HB-01434,fit
HB-01435,val
HB-01436,test
HB-01437,test
HB-01438,fit
HB-01439,test
HB-01440,test
HB-01441,test
HB-01442,fit
HB-01443,test
HB-01444,test
HB-01445,fit
HB-01446,test
HB-01447,val
HB-01448,test
HB-01449,test
HB-01450,val
HB-01451,fit
HB-01452,test
HB-01453,val
HB-01454,test
HB-01455,fit
HB-01456,fit
HB-01457,fit
HB-01458,fit
HB-01459,fit
HB-01460,test
HB-01461,val
HB-01462,fit
HB-01463,fit
HB-01464,test
HB-01465,test
HB-01466,test
HB-01467,test
HB-01468,fit
HB-01469,fit
HB-01470,fit
HB-01471,fit
HB-01472,test
HB-01473,test
HB-01474,fit
HB-01475,fit
HB-01476,test
HB-01477,fit
HB-01478,test
HB-01479,val
HB-01480,fit
HB-01481,test
HB-01482,fit
HB-01483,test
HB-01484,test
HB-01485,fit
HB-01486,test
HB-01487,test
HB-01488,fit
HB-01489,test
HB-01490,fit
HB-01491,test
HB-01492,test
HB-01493,fit
HB-01494,test
HB-01495,test
HB-01496,fit
HB-01497,test
HB-01498,val
HB-01499,val
HB-01500,fit
HB-01501,fit
HB-01502,fit
HB-01503,fit
HB-01504,test
HB-01505,fit
HB-01506,test
HB-01507,fit
HB-01508,test
HB-01509,test
HB-01510,fit
HB-01511,test
HB-01512,fit
HB-01513,test
HB-01514,fit
HB-01515,fit
HB-01516,test
HB-01517,fit
HB-01518,val
HB-01519,test
HB-01520,fit
HB-01521,test
HB-01522,test
HB-01523,fit
HB-01524,test
HB-01525,test
HB-01526,fit
HB-01527,test
HB-01528,test
HB-01529,val
HB-01530,test
HB-01531,val
HB-01532,fit
HB-01533,fit
HB-01534,test
HB-01535,test
HB-01536,test
HB-01537,test
HB-01538,test
HB-01539,test
HB-01540,test
HB-01541,test
HB-01542,fit
HB-01543,fit
HB-01544,fit
HB-01545,fit
HB-01546,fit
HB-01547,fit
HB-01548,fit
HB-01549,test
HB-01550,fit
HB-01551,fit
HB-01552,fit
HB-01553,test
HB-01554,test
HB-01555,fit
HB-01556,test
HB-01557,test
HB-01558,test
HB-01559,fit
HB-01560,fit
HB-01561,test
HB-01562,fit
HB-01563,fit
HB-01564,fit
HB-01565,fit
HB-01566,test
HB-01567,fit
HB-01568,test
HB-01569,val
HB-01570,fit
HB-01571,test
HB-01572,fit
HB-01573,test
HB-01574,test
HB-01575,fit
HB-01576,test
HB-01577,test
HB-01578,test
HB-01579,test
HB-01580,fit
HB-01581,fit
HB-01582,fit
HB-01583,test
HB-01584,test
HB-01585,test
HB-01586,test
HB-01587,fit
HB-01588,fit
HB-01589,test
HB-01590,test
HB-01591,test
HB-01592,test
HB-01593,test
HB-01594,test
HB-01595,fit
HB-01596,test
HB-01597,test
HB-01598,fit
HB-01599,fit
HB-01600,test
HB-01601,val
HB-01602,fit
HB-01603,test
HB-01604,fit
HB-01605,fit
HB-01606,test
HB-01607,fit
HB-01608,test
HB-01609,test
HB-01610,val
HB-01611,test
HB-01612,test
HB-01613,fit
HB-01614,fit
HB-01615,val
HB-01616,fit
HB-01617,val
HB-01618,fit
HB-01619,test
HB-01620,fit
HB-01621,test
HB-01622,val
HB-01623,fit
HB-01624,test
HB-01625,fit
HB-01626,fit
HB-01627,fit
HB-01628,test
HB-01629,fit
HB-01630,fit
HB-01631,test
HB-01632,fit
HB-01633,fit
HB-01634,test
HB-01635,test
HB-01636,test
HB-01637,fit
HB-01638,val
HB-01639,test
HB-01640,fit
HB-01641,fit
HB-01642,test
HB-01643,fit
HB-01644,test
HB-01645,fit
HB-01646,test
HB-01647,test
HB-01648,test
HB-01649,fit
HB-01650,fit
HB-01651,test
HB-01652,fit
HB-01653,fit
HB-01654,test
HB-01655,test
HB-01656,test
HB-01657,test
HB-01658,test
HB-01659,val
HB-01660,fit
HB-01661,test
HB-01662,test
HB-01663,test
HB-01664,fit
HB-01665,test
HB-01666,test
HB-01667,fit
HB-01668,test
HB-01669,val
HB-01670,test
HB-01671,test
HB-01672,test
HB-01673,test
HB-01674,test
HB-01675,test
HB-01676,test
HB-01677,val
HB-01678,val
HB-01679,test
HB-01680,test
HB-01681,test
HB-01682,test
HB-01683,test
HB-01684,val
HB-01685,test
HB-01686,val
HB-01687,fit
HB-01688,fit
HB-01689,fit
HB-01690,test
HB-01691,fit
HB-01692,test
HB-01693,test
HB-01694,fit
HB-01695,test
HB-01696,fit
HB-01697,fit
HB-01698,fit
HB-01699,test
HB-01700,fit
HB-01701,fit
HB-01702,fit
HB-01703,test
HB-01704,test
HB-01705,test
HB-01706,test
HB-01707,val
HB-01708,fit
HB-01709,test
HB-01710,fit
HB-01711,val
HB-01712,test
HB-01713,fit
HB-01714,test
HB-01715,test
HB-01716,fit
HB-01717,fit
HB-01718,fit
HB-01719,test
HB-01720,fit
HB-01721,test
HB-01722,fit
HB-01723,fit
HB-01724,test
HB-01725,fit
HB-01726,fit
HB-01727,fit
HB-01728,fit
HB-01729,fit
HB-01730,fit
HB-01731,fit
HB-01732,test
HB-01733,fit
HB-01734,test
HB-01735,test
HB-01736,test
HB-01737,fit
HB-01738,test
HB-01739,fit
HB-01740,test
HB-01741,test
HB-01742,fit
HB-01743,test
HB-01744,test
HB-01745,fit
HB-01746,val
HB-01747,test
HB-01748,test
HB-01749,test
HB-01750,fit
HB-01751,fit
HB-01752,test
HB-01753,test
HB-01754,val
HB-01755,test
HB-01756,test
HB-01757,test
HB-01758,test
HB-01759,val
HB-01760,test
HB-01761,fit
HB-01762,fit
HB-01763,test
HB-01764,val
HB-01765,test
HB-01766,test
HB-01767,test
HB-01768,fit
HB-01769,test
HB-01770,fit
HB-01771,fit
HB-01772,fit
HB-01773,fit
HB-01774,test
HB-01775,test
HB-01776,fit
HB-01777,fit
HB-01778,val
HB-01779,fit
HB-01780,test
HB-01781,test
HB-01782,val
HB-01783,test
HB-01784,test
HB-01785,test
HB-01786,test
HB-01787,val
HB-01788,val
HB-01789,fit
HB-01790,val
HB-01791,test
HB-01792,fit
HB-01793,fit
HB-01794,fit
HB-01795,test
HB-01796,test
HB-01797,fit
HB-01798,test
HB-01799,val
HB-01800,test
HB-01801,test
HB-01802,test
HB-01803,fit
HB-01804,fit
HB-01805,test
HB-01806,test
HB-01807,fit
HB-01808,test
HB-01809,fit
HB-01810,test
HB-01811,fit
HB-01812,test
HB-01813,test
HB-01814,test
HB-01815,fit
HB-01816,test
HB-01817,test
HB-01818,fit
HB-01819,val
HB-01820,fit
HB-01821,fit
HB-01822,fit
HB-01823,test
HB-01824,fit
HB-01825,fit
HB-01826,test
HB-01827,test
HB-01828,fit
HB-01829,test
HB-01830,fit
HB-01831,test
HB-01832,val
HB-01833,test
HB-01834,fit
HB-01835,fit
HB-01836,test
HB-01837,test
HB-01838,test
HB-01839,test
HB-01840,test
HB-01841,test
HB-01842,fit
HB-01843,val
HB-01844,test
HB-01845,val
HB-01846,test
HB-01847,fit
HB-01848,fit
HB-01849,test
HB-01850,fit
HB-01851,test
HB-01852,test
HB-01853,val
HB-01854,test
HB-01855,test
HB-01856,test
HB-01857,test
HB-01858,fit
HB-01859,test
HB-01860,fit
HB-01861,test
HB-01862,fit
HB-01863,test
HB-01864,val
HB-01865,test
HB-01866,test
HB-01867,fit
HB-01868,test
HB-01869,fit
HB-01870,fit
HB-01871,fit
HB-01872,test
HB-01873,test
HB-01874,test
HB-01875,fit
HB-01876,fit
HB-01877,test
HB-01878,test
HB-01879,test
HB-01880,fit
HB-01881,test
HB-01882,fit
HB-01883,fit
HB-01884,fit
HB-01885,fit
HB-01886,fit
HB-01887,fit
HB-01888,test
HB-01889,fit
HB-01890,test
HB-01891,test
HB-01892,val
HB-01893,test
HB-01894,fit
HB-01895,test
HB-01896,test
HB-01897,test
HB-01898,test
HB-01899,val
HB-01900,fit
HB-01901,test
HB-01902,fit
HB-01903,test
HB-01904,fit
HB-01905,test
HB-01906,test
HB-01907,fit
HB-01908,fit
HB-01909,test
HB-01910,test
HB-01911,fit
HB-01912,fit
HB-01913,fit
HB-01914,test
HB-01915,test
HB-01916,test
HB-01917,test
HB-01918,fit
HB-01919,test
HB-01920,test
HB-01921,test
HB-01922,fit
HB-01923,fit
HB-01924,fit
HB-01925,test
HB-01926,test
HB-01927,val
HB-01928,fit
HB-01929,test
HB-01930,fit
HB-01931,fit
HB-01932,val
HB-01933,test
HB-01934,test
HB-01935,fit
HB-01936,test
HB-01937,fit
HB-01938,test
HB-01939,fit
HB-01940,test
HB-01941,test
HB-01942,test
HB-01943,val
HB-01944,fit
HB-01945,test
HB-01946,test
HB-01947,fit
HB-01948,fit
HB-01949,fit
HB-01950,fit
HB-01951,test
HB-01952,test
HB-01953,test
HB-01954,fit
HB-01955,fit
HB-01956,test
HB-01957,val
HB-01958,test
HB-01959,test
HB-01960,fit
HB-01961,fit
HB-01962,test
HB-01963,test
HB-01964,test
HB-01965,test
HB-01966,test
HB-01967,fit
HB-01968,test
HB-01969,fit
HB-01970,test
HB-01971,fit
HB-01972,test
HB-01973,test
HB-01974,fit
HB-01975,test
HB-01976,fit
HB-01977,val
HB-01978,test
HB-01979,val
HB-01980,fit
HB-01981,fit
HB-01982,fit
HB-01983,test
HB-01984,fit
HB-01985,test
HB-01986,fit
HB-01987,test
HB-01988,fit
HB-01989,test
HB-01990,test
HB-01991,test
HB-01992,test
HB-01993,fit
HB-01994,fit
HB-01995,fit
HB-01996,fit
HB-01997,fit
HB-01998,test
HB-01999,fit
HB-02000,fit
HB-02001,fit
HB-02002,val
HB-02003,val
HB-02004,fit
HB-02005,test
HB-02006,fit
HB-02007,fit
HB-02008,test
HB-02009,fit
HB-02010,test
HB-02011,test
HB-02012,fit
HB-02013,test
HB-02014,fit
HB-02015,test
HB-02016,test
HB-02017,fit
HB-02018,test
HB-02019,test
HB-02020,test
HB-02021,fit
HB-02022,test
HB-02023,test
HB-02024,test
HB-02025,test
HB-02026,fit
HB-02027,fit
HB-02028,test
HB-02029,fit
HB-02030,fit
HB-02031,test
HB-02032,test
HB-02033,test
HB-02034,test
HB-02035,fit
HB-02036,fit
HB-02037,test
HB-02038,fit
HB-02039,fit
HB-02040,fit
HB-02041,test
HB-02042,test
HB-02043,val
HB-02044,fit
HB-02045,test
HB-02046,test
HB-02047,test
HB-02048,fit
HB-02049,fit
HB-02050,fit
HB-02051,fit
HB-02052,test
HB-02053,test
HB-02054,fit
HB-02055,test
HB-02056,test
HB-02057,test
HB-02058,test
HB-02059,val
HB-02060,test
HB-02061,test
HB-02062,test
HB-02063,test
HB-02064,test
HB-02065,fit
HB-02066,test
HB-02067,fit
HB-02068,test
HB-02069,test
HB-02070,test
HB-02071,fit
HB-02072,test
HB-02073,fit
HB-02074,fit
HB-02075,test
HB-02076,test
HB-02077,fit
HB-02078,test
HB-02079,fit
HB-02080,fit
HB-02081,test
HB-02082,fit
HB-02083,test
HB-02084,fit
HB-02085,val
HB-02086,test
HB-02087,val
HB-02088,test
HB-02089,val
HB-02090,test
HB-02091,fit
HB-02092,fit
HB-02093,test
HB-02094,test
HB-02095,test
HB-02096,test
HB-02097,fit
HB-02098,fit
HB-02099,test
HB-02100,fit
HB-02101,test
HB-02102,fit
HB-02103,test
HB-02104,fit
HB-02105,fit
HB-02106,fit
HB-02107,fit
HB-02108,test
HB-02109,test
HB-02110,fit
HB-02111,fit
HB-02112,fit
HB-02113,fit
HB-02114,fit
HB-02115,fit
HB-02116,val
HB-02117,fit
HB-02118,test
HB-02119,test
HB-02120,fit
HB-02121,test
HB-02122,test
HB-02123,fit
HB-02124,val
HB-02125,test
HB-02126,fit
HB-02127,test
HB-02128,fit
HB-02129,test
HB-02130,test
HB-02131,fit
HB-02132,val
HB-02133,val
HB-02134,fit
HB-02135,fit
HB-02136,test
HB-02137,test
HB-02138,val
HB-02139,fit
HB-02140,val
HB-02141,test
HB-02142,test
HB-02143,test
HB-02144,test
HB-02145,fit
HB-02146,test
HB-02147,fit
HB-02148,test
HB-02149,test
HB-02150,val
HB-02151,fit
HB-02152,test
HB-02153,fit
HB-02154,val
HB-02155,test
HB-02156,val
HB-02157,val
HB-02158,test
HB-02159,test
HB-02160,fit
HB-02161,fit
HB-02162,test
HB-02163,test
HB-02164,val
HB-02165,test
HB-02166,test
HB-02167,fit
HB-02168,test
HB-02169,fit
HB-02170,test
HB-02171,test
HB-02172,fit
HB-02173,test
HB-02174,fit
HB-02175,test
HB-02176,fit
HB-02177,val
HB-02178,fit
HB-02179,fit
HB-02180,test
HB-02181,test
HB-02182,fit
HB-02183,fit
HB-02184,test
HB-02185,test
HB-02186,test
HB-02187,fit
HB-02188,fit
HB-02189,test
HB-02190,fit
HB-02191,fit
HB-02192,test
HB-02193,test
HB-02194,test
HB-02195,test
HB-02196,fit
HB-02197,fit
HB-02198,fit
HB-02199,test
HB-02200,test
HB-02201,fit
HB-02202,val
HB-02203,val
HB-02204,test
HB-02205,test
HB-02206,test
HB-02207,fit
HB-02208,val
HB-02209,test
HB-02210,test
HB-02211,test
HB-02212,fit
HB-02213,fit
HB-02214,val
HB-02215,test
HB-02216,fit
HB-02217,test
HB-02218,test
HB-02219,fit
HB-02220,test
HB-02221,test
HB-02222,test
HB-02223,test
HB-02224,fit
HB-02225,test
HB-02226,fit
HB-02227,fit
HB-02228,fit
HB-02229,test
HB-02230,val
HB-02231,fit
HB-02232,test
HB-02233,test
HB-02234,fit
HB-02235,test
HB-02236,test
HB-02237,test
HB-02238,val
HB-02239,fit
HB-02240,test
HB-02241,fit
HB-02242,fit
HB-02243,fit
HB-02244,test
HB-02245,fit
HB-02246,fit
HB-02247,test
HB-02248,fit
HB-02249,fit
HB-02250,val
HB-02251,fit
HB-02252,test
HB-02253,fit
HB-02254,test
HB-02255,val
HB-02256,fit
HB-02257,test
HB-02258,fit
HB-02259,fit
HB-02260,fit
HB-02261,test
HB-02262,fit
HB-02263,fit
HB-02264,fit
HB-02265,fit
HB-02266,fit
HB-02267,fit
HB-02268,test
HB-02269,test
HB-02270,val
HB-02271,test
HB-02272,test
HB-02273,test
HB-02274,test
HB-02275,test
HB-02276,test
HB-02277,fit
HB-02278,fit
HB-02279,test
HB-02280,fit
HB-02281,test
HB-02282,fit
HB-02283,test
HB-02284,fit
HB-02285,fit
HB-02286,fit
HB-02287,test
HB-02288,fit
HB-02289,test
HB-02290,test
HB-02291,test
HB-02292,test
HB-02293,test
HB-02294,test
HB-02295,fit
HB-02296,fit
HB-02297,test
HB-02298,fit
HB-02299,test
HB-02300,test
HB-02301,test
HB-02302,test
HB-02303,test
HB-02304,val
HB-02305,fit
HB-02306,fit
HB-02307,fit
HB-02308,val
HB-02309,val
HB-02310,fit
HB-02311,test
HB-02312,fit
HB-02313,test
HB-02314,test
HB-02315,fit
HB-02316,test
HB-02317,fit
HB-02318,test
HB-02319,fit
HB-02320,fit
HB-02321,test
HB-02322,fit
HB-02323,test
HB-02324,val
HB-02325,test
HB-02326,fit
HB-02327,fit
HB-02328,val
HB-02329,test
HB-02330,fit
HB-02331,test
HB-02332,fit
HB-02333,test
HB-02334,test
HB-02335,fit
HB-02336,test
HB-02337,val
HB-02338,test
HB-02339,fit
HB-02340,test
HB-02341,test
HB-02342,test
HB-02343,test
HB-02344,test
HB-02345,test
HB-02346,test
HB-02347,test
HB-02348,test
HB-02349,fit
HB-02350,val
HB-02351,val
HB-02352,fit
HB-02353,fit
HB-02354,test
HB-02355,test
HB-02356,test
HB-02357,test
HB-02358,test
HB-02359,fit
HB-02360,test
HB-02361,fit
HB-02362,test
HB-02363,fit
HB-02364,fit
HB-02365,fit
HB-02366,fit
HB-02367,val
HB-02368,test
HB-02369,test
HB-02370,fit
HB-02371,fit
HB-02372,fit
HB-02373,fit
HB-02374,fit
HB-02375,val
HB-02376,fit
HB-02377,fit
HB-02378,test
HB-02379,fit
HB-02380,test
HB-02381,fit
HB-02382,fit
HB-02383,fit
HB-02384,test
HB-02385,test
HB-02386,test
HB-02387,fit
HB-02388,fit
HB-02389,fit
HB-02390,test
HB-02391,test
HB-02392,test
HB-02393,test
HB-02394,test
HB-02395,test
HB-02396,test
HB-02397,test
HB-02398,fit
HB-02399,fit
HB-02400,test
HB-02401,test
HB-02402,val
HB-02403,test
HB-02404,test
HB-02405,test
HB-02406,fit
HB-02407,test
HB-02408,test
HB-02409,fit
HB-02410,test
HB-02411,test
HB-02412,test
HB-02413,fit
HB-02414,fit
HB-02415,test
HB-02416,test
HB-02417,test
HB-02418,fit
HB-02419,test
HB-02420,fit
HB-02421,test
HB-02422,test
HB-02423,fit
HB-02424,fit
HB-02425,test
HB-02426,test
HB-02427,test
HB-02428,test
HB-02429,fit
HB-02430,test
HB-02431,test
HB-02432,test
HB-02433,fit
HB-02434,val
HB-02435,test
HB-02436,val
HB-02437,fit
HB-02438,fit
HB-02439,fit
HB-02440,test
HB-02441,val
HB-02442,test
HB-02443,val
HB-02444,fit
HB-02445,fit
HB-02446,val
HB-02447,val
HB-02448,test
HB-02449,fit
HB-02450,test
HB-02451,test
HB-02452,fit
HB-02453,test
HB-02454,fit
HB-02455,fit
HB-02456,fit
HB-02457,fit
HB-02458,fit
HB-02459,val
HB-02460,fit
HB-02461,test
HB-02462,test
HB-02463,fit
HB-02464,fit
HB-02465,fit
HB-02466,fit
HB-02467,test
HB-02468,test
HB-02469,test
HB-02470,test
HB-02471,test
HB-02472,fit
HB-02473,test
HB-02474,fit
HB-02475,test
HB-02476,fit
HB-02477,test
HB-02478,test
HB-02479,fit
HB-02480,fit
HB-02481,test
HB-02482,fit
HB-02483,fit
HB-02484,test
HB-02485,fit
HB-02486,test
HB-02487,test
HB-02488,fit
HB-02489,test
HB-02490,val
HB-02491,test
HB-02492,fit
HB-02493,val
HB-02494,test
HB-02495,test
HB-02496,test
HB-02497,val
HB-02498,test
HB-02499,fit
HB-02500,val
HB-02501,test
HB-02502,test
HB-02503,fit
HB-02504,test
HB-02505,fit
HB-02506,test
HB-02507,val
HB-02508,fit
HB-02509,test
HB-02510,fit
HB-02511,test
HB-02512,test
HB-02513,test
HB-02514,test
HB-02515,fit
HB-02516,val
HB-02517,fit
HB-02518,test
HB-02519,fit
HB-02520,fit
HB-02521,fit
HB-02522,test
HB-02523,test
HB-02524,fit
HB-02525,test
HB-02526,fit
HB-02527,test
HB-02528,fit
HB-02529,test
HB-02530,test
HB-02531,test
HB-02532,fit
HB-02533,val
HB-02534,fit
HB-02535,test
HB-02536,fit
HB-02537,fit
HB-02538,test
HB-02539,fit
HB-02540,test
HB-02541,test
HB-02542,test
HB-02543,test
HB-02544,test
HB-02545,test
HB-02546,fit
HB-02547,val
HB-02548,fit
HB-02549,fit
HB-02550,test
HB-02551,fit
HB-02552,fit
HB-02553,val
HB-02554,fit
HB-02555,fit
HB-02556,test
HB-02557,test
HB-02558,test
HB-02559,fit
HB-02560,val
HB-02561,fit
HB-02562,test
HB-02563,fit
HB-02564,val
HB-02565,fit
HB-02566,test
HB-02567,test
HB-02568,fit
HB-02569,test
HB-02570,test
HB-02571,fit
HB-02572,fit
HB-02573,test
HB-02574,test
HB-02575,fit
HB-02576,fit
HB-02577,test
HB-02578,test
HB-02579,fit
HB-02580,test
HB-02581,test
HB-02582,fit
HB-02583,test
HB-02584,test
HB-02585,test
HB-02586,test
HB-02587,test
HB-02588,fit
HB-02589,test
HB-02590,test
HB-02591,test
HB-02592,fit
HB-02593,test
HB-02594,test
HB-02595,fit
HB-02596,fit
HB-02597,test
HB-02598,fit
HB-02599,test
HB-02600,fit
HB-02601,fit
HB-02602,test
HB-02603,test
HB-02604,test
HB-02605,test
HB-02606,test
HB-02607,test
HB-02608,fit
HB-02609,test
HB-02610,fit
HB-02611,test
HB-02612,test
HB-02613,test
HB-02614,test
HB-02615,fit
HB-02616,fit
HB-02617,fit
HB-02618,val
HB-02619,test
HB-02620,fit
HB-02621,test
HB-02622,test
HB-02623,test
HB-02624,test
HB-02625,val
HB-02626,fit
HB-02627,test
HB-02628,fit
HB-02629,test
HB-02630,test
HB-02631,val
HB-02632,test
HB-02633,test
HB-02634,val
HB-02635,test
HB-02636,fit
HB-02637,test
HB-02638,test
HB-02639,test
HB-02640,test
HB-02641,val
HB-02642,val
HB-02643,test
HB-02644,fit
HB-02645,test
HB-02646,fit
HB-02647,fit
HB-02648,fit
HB-02649,test
HB-02650,test
HB-02651,val
HB-02652,test
HB-02653,test
HB-02654,test
HB-02655,test
HB-02656,fit
HB-02657,test
HB-02658,test
HB-02659,test
HB-02660,fit
HB-02661,test
HB-02662,test
HB-02663,test
HB-02664,test
HB-02665,val
HB-02666,fit
HB-02667,fit
HB-02668,test
HB-02669,test
HB-02670,fit
HB-02671,test
HB-02672,val
HB-02673,test
HB-02674,fit
HB-02675,test
HB-02676,test
HB-02677,val
HB-02678,fit
HB-02679,test
HB-02680,test
HB-02681,fit
HB-02682,test
HB-02683,test
HB-02684,test
HB-02685,test
HB-02686,test
HB-02687,test
HB-02688,val
HB-02689,test
HB-02690,test
HB-02691,val
HB-02692,test
HB-02693,test
HB-02694,fit
HB-02695,fit
HB-02696,test
HB-02697,test
HB-02698,fit
HB-02699,val
HB-02700,test
HB-02701,test
HB-02702,val
HB-02703,fit
HB-02704,val
HB-02705,fit
HB-02706,test
HB-02707,test
HB-02708,fit
HB-02709,test
HB-02710,val
HB-02711,test
HB-02712,test
HB-02713,fit
HB-02714,test
HB-02715,test
HB-02716,fit
HB-02717,fit
HB-02718,test
HB-02719,test
HB-02720,test
HB-02721,fit
HB-02722,val
HB-02723,test
HB-02724,val
HB-02725,val
HB-02726,fit
HB-02727,test
HB-02728,test
HB-02729,test
HB-02730,test
HB-02731,test
HB-02732,test
HB-02733,test
HB-02734,test
HB-02735,fit
HB-02736,fit
HB-02737,fit
HB-02738,test
HB-02739,test
HB-02740,test
HB-02741,test
HB-02742,test
HB-02743,test
HB-02744,fit
HB-02745,test
HB-02746,fit
HB-02747,fit
HB-02748,test
HB-02749,test
HB-02750,test
HB-02751,fit
HB-02752,fit
HB-02753,fit
HB-02754,test
HB-02755,fit
HB-02756,test
HB-02757,fit
HB-02758,test
HB-02759,test
HB-02760,val
HB-02761,test
HB-02762,test
HB-02763,fit
HB-02764,test
HB-02765,val
HB-02766,test
HB-02767,test
HB-02768,test
HB-02769,fit
HB-02770,fit
HB-02771,test
HB-02772,test
HB-02773,fit
HB-02774,test
HB-02775,test
HB-02776,fit
HB-02777,test
HB-02778,test
HB-02779,fit
HB-02780,fit
HB-02781,test
HB-02782,test
HB-02783,test
HB-02784,test
HB-02785,fit
HB-02786,fit
HB-02787,fit
HB-02788,fit
HB-02789,fit
HB-02790,fit
HB-02791,test
HB-02792,test
HB-02793,test
HB-02794,test
HB-02795,test
HB-02796,val
HB-02797,fit
HB-02798,fit
HB-02799,fit
HB-02800,test
HB-02801,fit
HB-02802,test
HB-02803,fit
HB-02804,test
HB-02805,test
HB-02806,test
HB-02807,fit
HB-02808,fit
HB-02809,fit
HB-02810,test
HB-02811,fit
HB-02812,fit
HB-02813,fit
HB-02814,fit
HB-02815,test
HB-02816,test
HB-02817,val
HB-02818,fit
HB-02819,fit
HB-02820,fit
HB-02821,fit
HB-02822,test
HB-02823,test
HB-02824,fit
HB-02825,test
HB-02826,test
HB-02827,val
HB-02828,fit
HB-02829,test
HB-02830,test
HB-02831,fit
HB-02832,test
HB-02833,fit
HB-02834,fit
HB-02835,val
HB-02836,val
HB-02837,fit
HB-02838,fit
HB-02839,fit
HB-02840,fit
HB-02841,test
HB-02842,fit
HB-02843,test
HB-02844,test
HB-02845,test
HB-02846,test
HB-02847,test
HB-02848,fit
HB-02849,test
HB-02850,fit
HB-02851,test
HB-02852,fit
HB-02853,fit
HB-02854,test
HB-02855,fit
HB-02856,fit
HB-02857,fit
HB-02858,test
HB-02859,val
HB-02860,test
HB-02861,test
HB-02862,test
HB-02863,fit
HB-02864,fit
HB-02865,fit
HB-02866,test
HB-02867,fit
HB-02868,fit
HB-02869,test
HB-02870,val
HB-02871,test
HB-02872,test
HB-02873,test
HB-02874,test
HB-02875,fit
HB-02876,val
HB-02877,val
HB-02878,fit
HB-02879,test
HB-02880,test
HB-02881,test
HB-02882,test
HB-02883,fit
HB-02884,fit
HB-02885,test
HB-02886,test
HB-02887,test
HB-02888,test
HB-02889,fit
HB-02890,fit
HB-02891,fit
HB-02892,val
HB-02893,test
HB-02894,fit
HB-02895,fit
HB-02896,fit
HB-02897,test
HB-02898,val
HB-02899,test
HB-02900,test
HB-02901,fit
HB-02902,test
HB-02903,fit
HB-02904,test
HB-02905,fit
HB-02906,test
HB-02907,fit
HB-02908,fit
HB-02909,fit
HB-02910,test
HB-02911,test
HB-02912,test
HB-02913,fit
HB-02914,test
HB-02915,fit
HB-02916,test
HB-02917,fit
HB-02918,fit
HB-02919,test
HB-02920,test
HB-02921,val
HB-02922,fit
HB-02923,fit
HB-02924,test
HB-02925,test
HB-02926,fit
HB-02927,fit
HB-02928,fit
HB-02929,test
HB-02930,fit
HB-02931,fit
HB-02932,test
HB-02933,fit
HB-02934,val
HB-02935,test
HB-02936,test
HB-02937,fit
HB-02938,test
HB-02939,test
HB-02940,fit
HB-02941,test
HB-02942,val
HB-02943,fit
HB-02944,fit
HB-02945,fit
HB-02946,fit
HB-02947,fit
HB-02948,fit
HB-02949,fit
HB-02950,fit
HB-02951,test
HB-02952,test
HB-02953,test
HB-02954,fit
HB-02955,fit
HB-02956,test
HB-02957,test
HB-02958,test
HB-02959,test
HB-02960,test
HB-02961,fit
HB-02962,fit
HB-02963,test
HB-02964,test
HB-02965,fit
HB-02966,test
HB-02967,test
HB-02968,fit
HB-02969,fit
HB-02970,test
HB-02971,val
HB-02972,test
HB-02973,fit
HB-02974,fit
HB-02975,test
HB-02976,test
HB-02977,val
HB-02978,test
HB-02979,fit
HB-02980,fit
HB-02981,test
HB-02982,fit
HB-02983,test
HB-02984,test
HB-02985,test
HB-02986,test
HB-02987,val
HB-02988,fit
HB-02989,test
HB-02990,val
HB-02991,fit
HB-02992,fit
HB-02993,test
HB-02994,test
HB-02995,fit
HB-02996,test
HB-02997,fit
HB-02998,test
HB-02999,fit
HB-03000,test
